ID,Time,unempl_rate,excess_deaths,sh_susp_activ,income_pc,share_firms_stws,sh_pop_per,sh_short_term_contracts,dep_ratio,avg_download_speed,share_households_nointernet,pop,share_unigraduates_3034,avg_price_house,share_amount_upto26k,exp_games_pc,dummy_llm_tourism,gini_index
101,2020,.0713,15.477912,.49203986,23236.344,.0016744731,0,.11318227,.59884763,65.986488,.060096931,130895,25.950277,859.34375,.37361518,723.00751,0,.41540581
102,2020,.075300001,3.0889778,.43206239,21323.73,.001068281,0,.12000505,.64961642,48.478878,.03090403,98515,23.324486,584.66302,.43528938,813.3324,0,.37637293
103,2020,.071500003,10.537905,.53908157,20217.313,.00073304801,.0086908033,.1179873,.62757558,42.406582,.064223416,137169,20.27413,873.18402,.45191503,683.13904,0,.3865383
104,2020,.097600006,16.62598,.58670115,20729.814,.00084426801,.030864546,.11045223,.60670513,28.35947,.087951213,87606,18.596041,755.06531,.45559382,748.29596,0,.36560494
105,2020,.072099999,7.0218773,.45930541,20576.531,.00040666899,.12056071,.11076465,.59150797,21.902821,.063257597,28448,18.820526,1438.8761,.41740346,1145.8666,1,.39207006
106,2020,.086999997,15.195415,.43799487,23161.893,.001421503,.002540814,.12600362,.60755688,406.53522,.01649335,1725371,24.248215,1080.8293,.37133738,1156.6531,0,.4149701
107,2020,.0594,18.552795,.60869443,21000.215,.001522136,.15213715,.1233876,.64701223,38.034348,.094638899,71954,23.946848,943.84961,.47963047,869.37396,0,.36906263
108,2020,.070500001,25.051323,.44236094,19069.135,.0016325749,0,.13281244,.60879183,30.113867,.083116621,58703,20.655199,738.32501,.50419378,865.1684,0,.35818571
109,2020,.085200004,37.816147,.37644324,21052.143,.0012026191,0,.12704194,.62219721,114.01224,.066656038,74547,23.636999,794.04169,.44286096,907.3797,0,.37569776
110,2020,.0735,8.335084,.61580086,22366.354,.001414864,0,.12442779,.58528817,35.961689,.032777216,120416,22.953781,883.6499,.42485005,766.29187,0,.40502301
111,2020,.087299995,28.073601,.39268118,22697.041,.0019776309,0,.13333416,.56903571,135.44926,.033577222,215740,20.378485,793.78156,.40121552,968.60913,0,.37956589
112,2020,.0515,7.1213179,.40195292,20668.363,.001059843,.033816192,.14365651,.59443235,39.14851,.14037645,124271,22.973507,983.65784,.43142134,880.56274,0,.4088296
113,2020,.049800001,4.1011057,.43584099,21469.23,.001219457,0,.15125263,.58422136,54.364765,.0701093,58523,22.895,1086.6666,.43243107,741.08606,0,.39380863
114,2020,.054299999,-6.6091542,.48471132,18076.678,.003402187,.012934276,.12796761,.69035208,9.3274231,.18187422,13194,18.855417,876.5625,.51723051,436.5957,0,.35671759
115,2020,.051199999,13.655326,.48119447,20776.107,.00072195102,.069223702,.12083991,.58985144,50.585392,.11276076,162051,25.227942,1007.3754,.42781109,654.45581,0,.39645085
116,2020,.0482,6.3963118,.42172158,21001.488,.001070192,0,.14290924,.59902734,71.757294,.12605107,38479,19.457144,1084.9359,.43935892,1213.9469,0,.40264589
117,2020,.058499999,37.883202,.32874119,18261.188,.003416857,.87206703,.11852092,.77461994,9.9183311,.14578375,5285,40.662498,896.0863,.51271331,312.50314,0,.35970622
118,2020,.0517,22.925318,.50238913,19623.271,.000731726,.0240134,.12691821,.62122172,32.208828,.088310614,63673,20.598064,971.26569,.47333518,541.18268,0,.38812742
119,2020,.053800002,14.489411,.48557773,18278.908,.00087866001,.031312034,.15436076,.60603547,22.205746,.09902405,73588,21.110441,1006.1274,.49231201,556.14429,0,.40739381
120,2020,.0535,7.772532,.48795491,20303.633,.00083865901,0,.12637249,.59161758,70.709694,.074602656,93739,18.961,1013.3826,.45014247,654.43616,0,.38444561
121,2020,.073799998,32.601128,.44789663,20243.455,.001316788,0,.12968314,.6245892,83.942818,.09582743,129975,22.825863,556.49353,.451381,771.07147,0,.39263088
122,2020,.066599995,-6.393127,.40690368,17694.502,.00052868098,.0053972569,.14711317,.63833344,44.060566,.10086362,20235,15.859375,662.34375,.47569683,570.93829,0,.43704042
123,2020,.0647,23.691772,.4842861,17837.047,.000763683,0,.14774723,.64577866,42.149036,.136841,25414,19.519474,561.12939,.49098477,647.15997,0,.40484157
124,2020,.066300005,11.617018,.4282054,18148.709,.00071295397,0,.13081795,.68897098,58.142262,.15012456,42873,26.875313,649.09088,.48115596,897.26477,0,.40219295
125,2020,.0836,34.323963,.3809312,21236.92,.00087510899,0,.12209245,.61700481,95.310791,.059793949,121995,25.933043,744.32971,.41939902,899.35236,0,.38614306
126,2020,.084700003,33.758427,.51260209,20030.184,.002747369,0,.13351455,.6194576,63.815025,.079174541,67104,23.282438,643.15381,.47250041,868.76849,0,.39083228
127,2020,.075599998,20.532473,.45079637,20630.879,.0027490449,.0032885759,.12869574,.63562101,71.22345,.14663793,72663,28.266775,682.38037,.43588665,863.75922,0,.36795843
128,2020,.066599995,35.459694,.54086429,19729.09,.00054992503,0,.11147223,.68553567,45.884289,.099770084,38315,22.844286,795.84326,.44957739,534.62225,1,.37894779
129,2020,.0757,50.561115,.33817053,20419.484,.0012259349,0,.13069196,.63595474,69.081581,.083127514,59561,26.435131,662.0285,.44765145,864.15393,0,.38790378
130,2020,.092,27.670609,.76537585,19098.738,.00050004199,0,.097030558,.63557279,61.535503,.050125852,29586,19.26091,706.30682,.50644064,768.31158,0,.39159974
131,2020,.072300002,19.589483,.48675111,21161.844,.0019995461,0,.13299796,.6483233,63.166142,.013624807,118304,24.612858,495.84302,.46125519,672.30487,0,.38666472
132,2020,.072399996,25.601984,.60311759,20001.135,.00190664,0,.12886158,.67273027,24.954813,.051456664,50437,23.729259,505.7774,.54007763,604.75977,0,.33253708
133,2020,.0678,-3.592684,.46886069,18585.973,.002024292,.018515382,.12240457,.6289655,30.516329,.056293711,52480,19.718147,1052.7502,.4655531,1147.0366,0,.39432487
134,2020,.0612,20.323017,.57555026,19947.689,.002042206,0,.14335005,.60218132,54.399178,.065543674,41297,19.163889,1023.0394,.49345332,913.6601,0,.37226343
135,2020,.059499998,26.868475,.54439014,11496.371,0,0,.13307488,.57496214,9.2965469,.03119665,6137,21.248571,1314.881,.51640499,1028.7504,1,.51120615
136,2020,.059599999,5.7988176,.48998368,19405.385,.00095419801,.010654371,.17247209,.6107738,44.108799,.056304123,63570,25.577999,1366.575,.43443459,1153.951,0,.44293728
201,2020,.064099997,20.090141,.41502544,21867.992,.001309872,.021324672,.12399007,.59104091,53.721153,.03898846,77677,27.246,1546.7084,.39042336,839.44818,0,.38602492
204,2020,.0748,15.696997,.50518322,19799.092,.000378931,.089917228,.14157279,.59487975,36.055347,.10871926,31480,27.697201,1561.28,.45669839,794.91534,1,.37278771
301,2020,.0614,15.957596,.50916106,23346.998,.001291484,0,.1136037,.5829618,80.92234,.012222541,636344,25.320944,1175.2836,.39198589,834.86694,0,.38364804
302,2020,.059099998,9.2072821,.57668966,15218.776,.00079410902,.076373436,.1378742,.57303429,28.095402,.039975315,63187,19.354,1017.8434,.50100517,1018.7663,0,.45417431
303,2020,.0513,11.612101,.48656353,22352.277,.001541066,0,.12441137,.59656572,59.438293,.013848155,355522,28.709999,1030.688,.38810286,857.42157,0,.4196851
304,2020,.056500003,17.635445,.51439184,22578.41,.0014980549,0,.10970879,.56810051,57.161808,.020592842,548745,27.717579,1408.7511,.38753322,1012.1591,0,.41953653
305,2020,.048299998,32.907543,.52610302,18600.268,.001054852,.44178241,.1534307,.63736266,9.3552961,.031528533,38013,19.832758,1195.885,.47576478,1469.3356,1,.42280138
306,2020,.0634,36.178108,.48388746,13154.157,.00025050101,.75890183,.12280802,.5760082,9.1287756,.044290319,22584,16.483999,896.10419,.53348815,968.57605,1,.47847381
307,2020,.055500001,17.276339,.50563139,16356.645,.00039254199,.95519722,.13384795,.55472058,36.889015,.014296643,24551,16.91,1407.6476,.48500097,1163.7058,1,.43389836
308,2020,.054000001,14.904594,.4602924,20305.484,0,1,.14801733,.49028441,19.981817,.056860976,21246,20.34,2919.3333,.44987622,819.82806,1,.42205417
309,2020,.0594,35.765041,.51477838,19606.543,.001023603,.080490179,.11904664,.57897437,44.611832,.02871347,61493,15.821568,1092.9841,.46398991,1081.1288,0,.38074943
310,2020,.055399999,-3.7167902,.2953043,18006.475,0,.8615855,.11223894,.58142972,36.930103,.019845113,11793,20.562,1143.3334,.53495216,643.88403,0,.34737486
311,2020,.057600003,9.8229637,.41409126,20659.863,.001149572,0,.12171737,.60300493,68.981384,.042222001,54997,22.674091,1232.238,.42451555,686.59247,0,.39662063
312,2020,.0557,49.147572,.45280185,18256.979,.00060938502,0,.13006322,.60171968,35.334,.031790175,19036,20.484285,1138.4673,.47004148,791.6261,0,.41140726
313,2020,.058899999,24.260057,.38369685,27664.1,.001101008,0,.1291125,.5656417,367.28311,.027671926,3938770,28.521265,1587.9781,.28906748,1079.8737,0,.46291545
314,2020,.052699998,148.07082,.57850569,20421.908,.001255464,.035986867,.10234513,.59222335,30.282673,.018983616,71767,20.949375,1042.3661,.4812046,633.9538,0,.37995145
315,2020,.0469,85.44709,.47958034,23168.623,.0016271709,.00025239799,.11989722,.54116505,101.52042,.025347501,827400,21.881639,1126.2598,.38949472,871.35052,0,.40331191
316,2020,.052199997,104.52226,.51593363,18642.781,.00094363902,.50112438,.11074871,.58754975,23.910536,.020389933,38445,22.184999,969.7417,.50592291,662.88196,0,.37998146
317,2020,.037300002,103.25365,.65916121,21563.18,.00153336,.010883528,.11777753,.52550101,42.314384,.025944611,85056,15.804762,1070.5754,.44865996,813.04785,0,.39587766
318,2020,.048499998,70.45224,.57269233,17064.197,0,1,.10034576,.56985152,9.8432846,.021086341,4112,17.9375,900,.56353062,518.37744,0,.34406897
319,2020,.063000001,91.702164,.57140189,18794.578,.00029299699,.22434755,.11877642,.60238761,18.740385,.044666559,43566,18.157104,883.3772,.50425291,598.08069,0,.3541255
320,2020,.0495,44.19162,.54109943,18943.295,.0014204551,1,.10419313,.57560319,31.976681,.044715974,41978,23.370501,974.5,.50393146,708.1629,0,.37099552
321,2020,.0594,47.565208,.47193176,23166.217,.00187019,0,.12587011,.56427068,185.9324,.018200474,457203,23.699459,1419.7859,.38072076,845.09161,0,.4242245
322,2020,.050000001,80.4244,.59519458,20088.063,.001493187,.0052964021,.12769778,.54229939,60.478664,.024228385,197323,17.158148,1291.4893,.47284499,708.91211,0,.38775602
323,2020,.051999997,71.643311,.53633642,19478.123,.00113416,.76493871,.110138,.57216704,43.317966,.020248298,81638,20.6672,1028.9933,.4801465,1002.5546,0,.38606831
324,2020,.060599998,44.855541,.5746991,22806.771,.001555955,0,.15312047,.53099781,63.835926,.025657717,90843,24.379999,2103.0139,.38446105,870.89948,0,.43969473
325,2020,.0557,68.762444,.54077059,17299.482,.00072372,.91370219,.11041537,.60668749,9.8399563,.084817477,17787,18.728333,1091.25,.51663733,587.44635,1,.37524015
327,2020,.063900001,40.735859,.71450526,21268.898,.0024563191,.060640164,.10863072,.57485282,85.423889,.025371352,73954,14.800714,1106.994,.43556613,666.67767,0,.37088209
328,2020,.0493,82.261063,.55881339,20058.611,.001245847,0,.11855621,.56273937,54.314743,.027363839,70571,19.602858,1089.8959,.49942201,617.67065,0,.35612699
329,2020,.055500001,59.665829,.59209168,19685.205,.00082547998,0,.12425864,.52775443,56.713894,.046032388,84731,16.046667,1184.6805,.48504862,632.50232,0,.37144172
330,2020,.0458,85.632469,.53362709,19930.336,.0010965921,0,.12279198,.55385411,37.033791,.052958824,68549,17.749001,907.45001,.4962014,644.85187,0,.37781304
331,2020,.045500003,35.142879,.53884143,18204.752,0,1,.11408637,.63773835,10.606157,.056647137,5000,25.49,2124.2188,.47058448,492.54398,1,.41619882
332,2020,.072300002,24.530033,.53879982,21213.908,.00062064099,.028492128,.13935907,.56321985,40.587547,.044481285,98244,22.486191,1839.2305,.4275519,667.47253,0,.41170529
333,2020,.044299997,53.325386,.69780838,20240.154,.0033003299,.78661507,.10740663,.58207679,49.549374,.067026481,23888,17.101667,977.69269,.45586017,569.04303,0,.35616866
334,2020,.050300002,37.994881,.37186024,24280.531,.0010255571,0,.12868264,.54230869,72.771484,.041090205,184894,25.001459,1080.5444,.36036205,978.80951,0,.41265413
335,2020,.057399999,61.559525,.39393893,19401.412,.001020018,0,.12589532,.60402411,31.685608,.02934432,49851,17.883751,894.51392,.51164103,661.82574,0,.35969162
336,2020,.052600004,46.730587,.43215746,19284.813,.000454881,.022894178,.14471836,.6170336,47.316921,.13711816,47098,18.992626,926.46777,.47960922,685.49316,0,.40273055
337,2020,.066500001,46.510868,.4588232,21137.332,.00073973602,0,.12270404,.58618289,78.538437,.026039725,162604,19.421667,978.75769,.44355071,844.88971,0,.38704652
338,2020,.056299999,41.899242,.45777625,20811.119,.00074483303,.016706744,.13184015,.63836932,51.736073,.075912312,86227,22.815714,899.77185,.43230894,927.60956,0,.39112929
339,2020,.0561,60.147224,.56858838,19845.732,.00073686999,0,.13015479,.6019792,22.117985,.03649855,43472,18.944736,593.62061,.48908043,466.62799,0,.37297463
340,2020,.053300001,87.136566,.4215374,22022.621,.001025269,0,.12627882,.56553209,50.068165,.041088648,166400,20.564081,756.25989,.42861032,744.91467,0,.37850133
341,2020,.058699999,81.699745,.4282147,22177.809,.0012862521,0,.13620539,.6051082,77.265236,.030075327,142541,22.375,634.32294,.41883525,698.01111,0,.38145328
342,2020,.058800001,52.951614,.58261377,18643.342,.00081873301,0,.13577527,.59882683,28.325771,.035605989,33674,18.782692,626.23132,.53283393,625.40106,0,.36631382
343,2020,.058200002,34.370667,.6561408,19647.594,.001476015,0,.11987306,.52955365,40.889523,.075199857,25107,15.641666,738.54169,.49722657,480.77692,0,.38004559
344,2020,.059599999,44.84869,.50344425,20392.734,.00096887501,0,.13839509,.52471191,45.827515,.041225541,43157,19.282,879.09723,.46115524,527.73938,0,.39494139
345,2020,.052800003,21.380222,.43961576,21870.139,.001509137,0,.13879029,.59280837,60.915611,.045253001,174943,22.447353,743.43353,.42272988,822.01898,0,.38767472
346,2020,.066,24.447557,.49829042,18828.813,.000617332,0,.14308222,.64951026,23.806057,.037592467,33708,21.441969,561.78302,.50565284,520.63098,0,.37297776
347,2020,.060300004,21.30072,.41256952,18357.449,.00029562501,0,.15116711,.66456705,30.883179,.050403725,24735,22.441,795.75,.51899648,503.89352,0,.36073354
348,2020,.058699999,20.449499,.60186511,20420.262,.001247253,0,.13599993,.59250355,27.436964,.064560659,51706,19.139999,726.77081,.48355347,613.90845,0,.3627528
349,2020,.0513,46.187794,.49630734,21251.734,.00093567203,0,.12142405,.57136911,51.837902,.02169852,33360,19.605,651.35413,.44846925,508.18567,0,.38808325
350,2020,.050000001,38.174957,.56705999,24174.898,.0021959799,.049020596,.10979412,.58535916,58.210243,.015333761,325629,25.509451,1227.0618,.36887178,721.49634,0,.40199313
351,2020,.054299999,73.080223,.38143033,22294.59,.000938888,0,.12335914,.55908442,75.900429,.037187781,226281,22.542328,1031.2854,.41993761,747.0296,0,.37131125
401,2020,.033599999,17.62937,.4406938,24164.188,0,1,.14714713,.54205489,9.9717321,.16687657,12514,19.988333,2753.3235,.33950725,496.59946,1,.43979093
402,2020,.040100001,4.2021618,.42908689,24913.488,.000678482,0,.15564811,.57351047,90.280914,.047720086,189703,20.703125,2462.7734,.3045488,697.4873,0,.43529528
403,2020,.031099999,3.1123765,.50173914,24698.281,.000169338,0,.15537338,.52942806,46.412582,.1963575,55418,19.572144,2104.855,.3092643,515.03754,1,.42874855
405,2020,.033500001,35.927101,.46720332,24810.074,0,0,.17952305,.53103215,10.308288,.10342999,22778,17.768333,4166.9048,.32508901,442.99384,1,.45696703
406,2020,.0359,14.678843,.56564254,21235.754,.000402059,0,.16535501,.52986211,11.704158,.052846845,28322,16.751539,2132.2117,.36873618,450.91666,0,.43532324
408,2020,.0361,4.3013368,.42096141,23376.543,.000067003901,.008850174,.20334032,.56275523,72.142464,.066432767,86395,20.711666,2195.675,.3330971,964.36798,1,.44102168
409,2020,.033599999,18.392357,.44690722,23023.861,0,1,.17038746,.52643067,11.442047,.1328325,16127,14.944285,2411.4583,.35038888,527.07007,1,.40997142
413,2020,.046500001,48.447021,.4392232,21117.93,.001097815,0,.18332629,.5496909,55.138927,.034777429,29582,22.964001,1911.3889,.43203858,491.81653,0,.37998751
414,2020,.050700001,7.8622851,.50535083,19227.109,.00149206,.090061143,.17791726,.56909555,9.6457424,.065352224,35214,23.219999,1262.171,.47649902,550.19922,0,.36699089
416,2020,.040399998,17.949961,.47870627,20851.557,0,.80384487,.15674324,.54651421,9.167944,.047221553,21009,23.750334,2293.125,.42685771,583.72156,1,.39329237
417,2020,.042199999,-4.2043662,.44559577,16558.643,.00035519799,.39349079,.19763172,.59413308,9.4302835,.060776692,36481,29.212212,1459.4291,.44562653,390.78598,0,.47681752
418,2020,.0493,5.6487827,.41515797,19002.223,0,1,.18966506,.5703299,9.318552,.13575831,15543,23.416924,1742.0673,.45759705,553.97339,1,.39906508
419,2020,.037599999,41.339443,.38702306,21370.625,0,1,.16060649,.53038061,10.001532,.085453905,6930,25.678333,3737.8472,.40821424,424.77863,1,.41414317
420,2020,.043400001,18.15309,.45458552,21317.279,.00028876701,1,.15005428,.59149456,11.002074,.016480118,7812,27.945,2965.4167,.40179759,570.3725,1,.44176042
421,2020,.055300001,16.066853,.46379444,21985.514,.00034614099,.19090053,.23174134,.58536726,49.325089,.037043046,28017,28.889999,2204.3525,.40210682,833.7832,1,.4172534
422,2020,.046,.37261936,.39210835,21093.295,.001054593,.02811558,.15028846,.58798337,50.986588,.052030437,97791,29.149048,1747.8583,.43580538,503.75494,1,.37321216
423,2020,.037,63.654675,.53867632,18703.354,.00171191,1,.13383323,.63841873,22.219984,.033484407,14356,21.577499,1413.9584,.50411022,476.72824,0,.36194375
424,2020,.049400002,37.986938,.42957553,19604.443,.001023541,.84128284,.16609882,.59660572,9.0001078,.10802184,22024,30.697144,1815.506,.4604041,422.92264,1,.39584091
425,2020,.039700001,17.161297,.46616259,18757.176,.001132824,.15218744,.18035674,.5888651,11.32918,.081696115,9639,25.6325,2170.3125,.46497411,527.82446,1,.39391902
426,2020,.043699998,3.4057157,.36112115,22609.666,.001457069,.0041578622,.15274283,.56291151,160.90782,.029401967,222210,28.030001,1641.0994,.37837467,622.84546,0,.40550667
501,2020,.057500001,14.782533,.56689316,21505.137,.00085694401,0,.21521242,.54131818,45.090328,.022115238,41408,22.693636,1631.7046,.41092214,789.90717,0,.43662992
502,2020,.058699999,2.8393748,.53336203,17998.119,.00063646398,0,.14858489,.5840041,47.127663,.040121395,46237,16.44875,706.71875,.5388307,670.41559,0,.37024662
503,2020,.057800002,6.4355655,.55771047,17245.467,.00094423798,0,.16824698,.54319817,35.721821,.039944656,53596,16.997778,777.05554,.56380051,597.7049,0,.36668485
504,2020,.050700001,10.984466,.57550639,19564.896,.00108876,0,.13908815,.60202503,51.339935,.028054323,51348,21.629,719.20831,.47863168,517.18359,0,.38610631
505,2020,.042100001,-5.6701169,.55142927,18974.604,0,1,.29603189,.62424082,10.072504,.12274192,6122,20.445,2830.2083,.48180369,997.18896,1,.41678619
506,2020,.060300004,11.787753,.56072056,21520.688,.000465116,0,.19093062,.54484767,57.177464,.031515568,41471,21.928333,1558.8245,.40409669,815.94446,0,.44087231
507,2020,.050999999,2.2094667,.52831614,18940.699,.00093830598,0,.1418204,.53802443,41.848755,.034671895,145112,20.737309,894.65143,.49265224,432.82831,0,.38859841
508,2020,.052099999,5.7288699,.38676783,22903.619,.001039731,.034134381,.15083201,.57331204,216.95883,.020390069,471942,26.040001,1175.049,.37407351,688.36993,0,.43406445
509,2020,.047499999,5.3640447,.45108396,20264.92,.0013109091,0,.15414825,.52160871,73.161209,.039586678,93090,22.381428,1077.0238,.45148483,630.61218,0,.38247052
510,2020,.0471,7.7515688,.59225798,21967.348,.001727785,0,.11351655,.52648968,55.230869,.055913039,98540,18.053333,1211.3334,.43659189,569.44171,0,.38226753
511,2020,.058800001,18.670933,.55609626,17408.594,.00039416601,.75493282,.10304631,.58733863,19.547878,.12653622,19108,20.569166,1457.9166,.51487803,704.57715,1,.4041622
512,2020,.052800003,6.2426419,.59756231,21059.314,.001144625,.0085060187,.11590717,.54982358,41.205769,.058442488,188657,24.073637,1149.1808,.44665205,574.75983,0,.40629506
513,2020,.0458,7.616076,.60708278,19030.742,.00155287,0,.12260114,.54026169,17.309568,.071642652,47060,18.754286,1140.1488,.51291412,411.64459,0,.36859757
514,2020,.07,5.8649077,.62007093,21545.818,.001558562,0,.11419573,.57324791,49.696068,.065877967,104233,20.792778,1193.7034,.44578287,576.85986,0,.37457374
515,2020,.067400001,6.4796443,.59215289,21827.961,.0022480791,0,.10694895,.55630529,40.394642,.023144346,88849,24.116667,1231.9222,.4383572,549.8233,0,.3906838
516,2020,.060300004,-2.3397503,.63842863,21601.986,.0014156461,0,.11953973,.58892995,39.827419,.047063541,62516,21.040001,1196.875,.47026739,454.45389,0,.35804942
517,2020,.051799998,-5.6347718,.50324857,22833.957,.0015515659,0,.12052961,.5532316,85.477997,.021533867,265138,25.43174,1223.4521,.39024302,697.12152,0,.40898487
518,2020,.036600001,1.623922,.27134356,20767.695,.00046349899,.60990435,.12822203,.6106227,28.67461,.040978529,17605,19.2425,1114.7916,.47016171,612.07367,0,.34756529
519,2020,.060300004,.4702906,.48653719,18276.705,.00048899802,.68116808,.15434916,.64187288,12.629234,.013998558,11571,19.382856,1269.6428,.53005701,589.57764,1,.37706989
520,2020,.052099999,4.5031309,.45920563,22168.389,.001595072,0,.12797929,.59754598,42.999943,.03747512,76187,25.929523,889.68939,.44311821,542.69373,0,.36661711
521,2020,.048600003,-12.794772,.50871593,25262.254,.00025310001,.62172842,.13544057,.60648704,50.05843,.0094556054,9329,25.6175,3882.2915,.32390431,923.04669,1,.48154417
522,2020,.053000003,3.5568078,.5020563,19233.535,.00085492001,0,.13814406,.63984156,35.0438,.048974674,40711,24.014999,768.24652,.51279795,564.16882,0,.36311263
523,2020,.0462,-4.4571309,.42061248,19224.77,.00235079,.16224065,.12847035,.59974253,27.344378,.13566867,28037,23.67,774.59955,.51981598,474.54053,0,.3597959
524,2020,.046799999,3.6403146,.42436939,19840.006,0,0,.12628947,.67185813,28.204607,.045931611,13792,27.377777,1029.2593,.50054598,620.7287,0,.37752619
525,2020,.053400002,.79899812,.54462105,20870.113,.001220742,0,.11098191,.5242601,43.876095,.057282787,103980,22.453751,1099.4662,.45150247,517.76996,0,.3903783
526,2020,.060300004,15.50393,.58022708,22183.342,.001448154,0,.12231375,.57797575,50.525387,.10585873,99710,25.917778,1131.9722,.41484225,705.20038,0,.41129872
527,2020,.066599995,-12.082795,.62688941,20809.441,.001097293,0,.1150069,.55099058,43.065292,.033962384,93236,22.533333,1124.375,.46129501,563.11884,0,.40556464
528,2020,.045100003,1.494787,.60084885,20402.686,.001452925,0,.13314073,.54321641,35.093632,.24350457,77867,21.663334,1008.2986,.46359998,661.45905,0,.39781559
529,2020,.039999999,-11.539432,.64909226,18429.871,.0023861169,0,.1192723,.57861018,31.026949,.20442191,44291,22.893333,980.13892,.53527886,587.55939,0,.38757998
530,2020,.055,1.6418071,.49831241,23028.73,.00142018,0,.11853497,.55462712,69.494263,.02007832,306392,27.665237,1171.1652,.38437268,638.22076,0,.4114708
531,2020,.0616,1.8224418,.48265249,19410.32,.00154321,0,.1181708,.5950895,21.998411,.038751733,46339,23.550909,900.90906,.50575501,468.60126,0,.40316671
532,2020,.054400001,12.739805,.62071723,20656.174,.00045431801,0,.1183649,.60703969,52.665531,.14868593,66619,25.079,977.21667,.45235193,553.57825,0,.39049393
533,2020,.0704,-.49839535,.52576709,18087.785,.000174512,.76659334,.20127092,.53890294,76.168732,.031440455,51761,17.969999,1845.0695,.51199102,755.44775,1,.40190616
534,2020,.059499998,-1.6745371,.53668171,19457.613,.001222131,0,.15226777,.5908168,56.108997,.043518577,85388,21.352728,1273.8636,.48109582,698.09644,0,.38268414
535,2020,.058200002,-.97026795,.51667047,20581.756,.001264957,0,.15019937,.54419041,68.287483,.043020975,87634,22.881111,1198.5186,.45027587,612.53491,0,.38961512
536,2020,.059999999,6.6512856,.42952114,22045.789,.0020695089,0,.13756405,.59271044,272.94012,.029907804,607930,27.334211,1456.7277,.40074202,654.52826,0,.39685851
537,2020,.0482,-.28731272,.57043332,21443.059,.001460054,0,.10558701,.54973733,30.875877,.02933103,116115,24.34,1182.2202,.44318146,528.39282,0,.38689941
538,2020,.051199999,.99850911,.53464645,18903.1,.00170618,0,.12953946,.56749874,33.91254,.043899816,97988,24.086086,992.59601,.50401425,471.45425,0,.3772991
539,2020,.057399999,27.429852,.65421432,17222.797,.000574006,0,.12427095,.57072502,28.975595,.060523093,27160,23.191668,952.5,.56487477,506.67361,0,.37085849
540,2020,.0612,-3.4538991,.47236773,23281.137,.001333562,0,.12270923,.55592841,199.71777,.025911426,682058,26.698847,1183.0186,.37724516,624.58368,0,.42750764
541,2020,.0691,1.1901453,.49244025,16486.059,.00052788202,.16284291,.15226607,.59248853,56.037399,.05929482,85912,20.380833,1002.1962,.57314157,533.61505,0,.37588748
542,2020,.049000002,19.366199,.49479544,17044.32,.00087175,0,.15828072,.59634405,25.753185,.076879978,45204,21.149376,828.82813,.57218474,454.0618,0,.37711513
543,2020,.054699998,5.9686146,.43581843,20122.658,.001031798,0,.14045534,.56939763,53.975727,.035896186,85144,23.029375,867.47394,.46480247,699.38562,0,.37839127
601,2020,.079000004,-5.8820257,.62026119,19371.313,.0045548142,.002337079,.13729981,.60667223,39.823212,.11756486,44094,26.583334,710.16205,.48004287,650.82947,0,.37666658
602,2020,.073200002,-12.808579,.59849834,18241.178,.001189113,0,.17350188,.59058112,48.863327,.19382162,49363,22.105556,1219.6296,.50725353,852.11993,1,.39792857
603,2020,.062700003,-7.5354538,.47890699,19768.225,.0026641961,0,.150306,.62879562,43.933685,.12242282,82407,23.744772,926.14716,.46779764,683.06964,0,.37211201
604,2020,.052600004,-34.30088,.54197186,19822.139,.0023341109,0,.15265627,.58699435,9.562129,.190074,7190,27.030001,864,.45064348,969.09399,1,.38100928
605,2020,.055399999,5.3862991,.50138623,18342.246,.0022631111,.39879075,.14385545,.6389541,21.355562,.11164178,40758,21.713064,765.2688,.52092665,787.87817,0,.35376492
606,2020,.060500003,-4.3444657,.45862359,22059.531,.00247102,0,.13356809,.61467355,66.853004,.069222853,321606,26.557842,851.64587,.39794925,696.1767,0,.40422142
607,2020,.066,-2.2345159,.4669044,20263.057,.0029216041,0,.13427743,.63691622,75.919228,.070753321,66674,30.126667,977.12598,.43928036,814.72748,0,.38084787
608,2020,.069899999,.96308404,.52542818,20188.422,.0035175141,0,.15312527,.61330473,84.7491,.042596031,62728,27.63875,1025.1982,.47052011,884.37305,0,.35192379
609,2020,.060399998,5.0637951,.37055469,22871.641,.0026342489,0,.13219412,.65389824,283.34021,.013080818,231445,35.369999,1785.6439,.36499155,767.32666,0,.40213388
610,2020,.055300001,-5.0186172,.54471177,19145.236,.003374208,.047122672,.16071597,.62622583,53.383049,.17785174,46062,20.622499,629.375,.49333879,737.836,0,.36006278
611,2020,.056700002,-3.1138201,.56671631,21714.607,.002321125,0,.13847199,.58980459,67.764404,.085433304,268313,24.959999,831.81335,.42930412,626.9483,0,.38555375
701,2020,.082700007,18.078186,.51156747,17882.871,0,0,.16104677,.73163807,61.94326,.037209544,14429,22.712856,2762.2676,.47780651,1246.7477,1,.42623276
702,2020,.1081,31.351812,.38114166,19054.719,.00052094599,.028010773,.13138822,.62641931,94.414291,.086682178,57461,18.148518,1238.7382,.44234115,820.68811,0,.41210222
703,2020,.1147,16.583624,.46722108,17577.988,.00057971,.0084148776,.14051177,.64868402,90.067848,.034147594,80777,19.807142,1906.8114,.4778066,1091.4773,1,.44145766
704,2020,.1201,2.6951466,.48434648,15886.744,.000474203,0,.13438672,.62860721,76.24987,.069768012,56168,19.824118,1637.8116,.52775657,1042.2896,1,.417916
705,2020,.084200002,11.086819,.50879979,17712.217,.001011782,.0059988098,.16202609,.63431108,64.605675,.066232435,61065,15.646956,1697.8977,.47333255,1070.8098,1,.43212366
706,2020,.086000003,12.468844,.37937993,19401.045,.001194743,.1329114,.11910301,.68165213,49.832134,.083253764,41718,21.6728,734.25037,.48460194,690.85504,0,.34638411
707,2020,.075599998,15.977989,.55263293,19372.162,.00049148803,0,.12486847,.68294829,87.473633,.02165132,50692,25.514286,2216.5547,.44643146,957.6601,1,.42520756
708,2020,.084100001,13.512625,.384195,22034.684,.00152501,.0056941742,.12523088,.68054467,130.38188,.040201072,122531,29.7925,2172.0615,.37927669,887.23102,0,.41145173
709,2020,.089799993,12.538644,.47671154,20752.58,.00050038501,.028914124,.1293745,.67786032,86.199768,.079928197,69833,21.777369,1349.8684,.40149453,868.32056,0,.42604968
710,2020,.093500003,19.98856,.32030684,22368.262,.001169013,.001885482,.13160972,.65691727,502.86551,.012514275,656212,22.651291,1358.4806,.35667941,936.78198,0,.42747262
711,2020,.079499997,20.365959,.50194925,22700.877,.000089569599,0,.14920406,.67801404,77.173714,.020374129,60325,30.86125,4023.4375,.35478386,932.46106,1,.45936155
712,2020,.075599998,9.7812147,.5214287,19717.537,.00090706698,.072802275,.13465837,.69968396,82.705032,.12552182,34085,24.224445,2063.4568,.4490819,841.15698,0,.39407766
713,2020,.102,18.825954,.43927756,20530.885,.001088724,.0034556789,.12632908,.6317507,91.803078,.059290022,228966,22.80138,1443.1639,.41773263,1063.451,0,.39096621
801,2020,.0506,63.522812,.42832762,19886.92,.000520678,.044207681,.14631809,.60005939,48.583893,.14813119,37661,21.154242,927.72729,.48592463,654.70941,0,.38519958
802,2020,.0559,57.270035,.47503117,20738.605,.001265594,0,.14010225,.60238749,55.412048,.20486827,53208,23.566668,992.88196,.43388194,773.27606,0,.39777425
803,2020,.052699998,60.202961,.43361658,23037.73,.0013661199,.042771358,.13150306,.59917545,95.51265,.093787275,188729,26.7612,987.26666,.38430625,809.29535,0,.40912643
804,2020,.049400002,30.588123,.45115113,17155.156,.00073336798,.11308647,.12612996,.75145096,9.1672211,.40923637,18900,18.56875,396.08075,.50600106,606.10638,0,.40284851
805,2020,.052900001,52.23217,.44513711,21818.43,.001151389,.013595207,.14462206,.60361058,94.643845,.11555917,73986,21.981112,776.60187,.42844412,725.27991,0,.38321066
806,2020,.050799999,67.345833,.30755302,22052.604,.00016952,.23640426,.11832995,.61707205,36.305653,.32010591,25054,17.274286,555.9881,.40267405,588.14197,0,.39027897
807,2020,.050100002,44.34491,.36060596,25101.572,.0010206921,.0034810039,.13930148,.55546165,195.36407,.05010834,344294,22.756592,835.34381,.33857608,843.60712,0,.41465813
808,2020,.049400002,13.989676,.52213049,19686.305,.00050103798,.73953873,.12491311,.66617721,32.43195,.17314813,32659,19.627142,636.0119,.45710784,810.08032,0,.37443104
809,2020,.048800003,16.187359,.63522446,22700.768,.0025665441,0,.13253081,.57937801,60.156979,.030625315,69216,21.645714,909.03271,.40479985,603.66602,0,.379888
810,2020,.0614,16.674337,.65319574,22085.906,.0031091829,0,.13477783,.57504982,49.616451,.048415344,39070,19.129999,818.33331,.41464284,771.78516,0,.38081241
811,2020,.042600002,17.976702,.48883134,23779.49,.001478208,0,.13299809,.55483413,155.91353,.029398784,340150,23.334738,1058.6135,.37919155,771.26038,0,.40908539
812,2020,.057800002,11.829274,.57996505,21461.352,.0021458671,0,.141863,.57403696,117.95432,.020776089,97714,22.406666,862.39313,.44208407,946.03589,0,.38675836
813,2020,.046599999,-13.974556,.57130748,18076.48,.00027816399,1,.14483248,.68884176,9.6126032,.23311138,6333,25.49,1132.7778,.51103067,499.04602,1,.38201529
814,2020,.054299999,9.6976547,.45265505,21294.018,.002201162,0,.14451003,.59113085,60.421558,.043314204,84305,23.458889,695.78705,.45576471,674.95734,0,.37235445
815,2020,.051899999,6.3570852,.43419531,25085.701,.001730242,0,.14449041,.5768441,274.71298,.025103802,288765,26.75,1306.5708,.34527937,913.80908,0,.41534725
816,2020,.052099999,30.178087,.57858944,20569.547,.00077936199,1,.12222101,.58258289,44.96656,.17552878,30738,17.7575,982.08331,.43168494,801.47607,0,.37190655
817,2020,.046300001,5.7288709,.68301451,16354.278,.001362769,.62001961,.12239374,.65917099,107.02591,.39517814,6030,18.1075,916.66663,.55529529,573.83118,0,.35668078
818,2020,.0546,18.122145,.60140204,24273.361,.0023313451,.051204685,.12400572,.53944302,78.31356,.056225721,154849,18.712999,1195.1393,.35010698,1000.8146,0,.38827351
819,2020,.054699998,5.4097443,.51146829,22579.807,.001655415,.044114392,.13196017,.58888125,38.118866,.058702588,104391,20.19875,1167.8669,.40535572,706.5929,0,.38309142
820,2020,.0504,12.511042,.40623444,25240.732,.0020280201,.0091933832,.13459556,.59000975,364.78799,.03638294,875521,26.674736,1625.9198,.33961758,900.86127,0,.41004348
821,2020,.052800003,-5.9516463,.58178657,19976.855,.001402318,.64895117,.11700641,.64658123,21.539017,.24245317,37468,19.634001,1042.2758,.47985607,589.19983,0,.3554225
822,2020,.052600004,-.78699213,.51643288,22586.459,.0024249691,0,.14430018,.60679346,141.64594,.070513345,119529,21.922001,1286.25,.40845278,657.75018,0,.37300122
823,2020,.1073,3.2106595,.56189919,16208.123,.00075659802,0,.22322018,.63361537,49.90218,.071930043,52583,17.042,929.08331,.61360377,863.17926,0,.35047874
824,2020,.072300002,-.036563117,.53723091,17339.555,.00058043102,0,.19098456,.71726269,30.98184,.15889789,33389,21.37125,679.42188,.58734113,512.99896,0,.33734632
825,2020,.070700005,5.6787577,.39135313,21696.244,.001480285,0,.15970401,.62613952,88.399506,.060076922,213461,26.996666,925.58984,.42211536,644.30444,0,.3912707
826,2020,.0546,4.0369964,.38118485,12300.347,.00095751003,.35482013,.19311698,.65765625,11.18893,.12656161,10302,13.83,850.375,.69097227,620.02716,0,.39234185
827,2020,.0436,-1.3670329,.46363211,20754.803,.00083420199,.033229232,.18967511,.62386072,77.311714,.085069135,90826,23.787144,1129.1666,.45499107,631.56659,0,.39624983
828,2020,.052199997,.80939496,.43034077,20022.162,.00074384001,0,.20263502,.65896082,68.657501,.063790023,119710,24.58,1035.75,.49641857,607.44476,0,.36271524
829,2020,.068999998,3.1162124,.39027536,20921.928,.001346792,0,.17075917,.58902007,125.63388,.031528506,198987,27.620001,2010.0139,.42522058,877.73157,0,.39729378
830,2020,.041500002,10.678992,.54778254,17494.109,.00055632798,1,.21603444,.65646702,11.429194,.34414268,7575,22.879999,1104.1666,.56997454,565.31067,1,.36878943
831,2020,.045200001,7.5029883,.42209664,20677.992,.0013427,0,.1944841,.59027547,79.656761,.074634768,133934,25.436251,1344.3229,.46699351,694.22479,0,.38591605
832,2020,.076099999,4.5173206,.53013092,17337.002,.00075039599,0,.16145264,.54353309,85.767105,.014848203,84678,22.378,1948.3959,.52532083,913.50995,0,.41157734
833,2020,.054899998,16.818228,.49091369,20968.721,.001739764,.0044615348,.15720707,.62276816,107.19528,.051919475,169079,25.094444,1260.7461,.45538023,661.46167,0,.38494769
834,2020,.023800001,-4.9974709,.63991892,19931.203,.00147929,0,.17285126,.69177461,12.000116,.10496903,5581,16.73,1108.75,.55003351,325.58322,0,.3549549
835,2020,.035599999,-1.5817468,.35900009,18340.986,.00122519,.43882427,.27000716,.66132414,12.43222,.2712591,10908,18.190001,1085.625,.58195812,581.26392,0,.33046424
836,2020,.085000001,25.480251,.58098477,17631.471,.001156497,0,.14275409,.56312525,83.26001,.028141433,50812,25.807501,1778.9584,.4995949,991.05609,1,.41811967
837,2020,.078600004,19.017086,.50076926,17923.42,.000266099,0,.15521085,.56733584,87.268242,.044606887,57690,23.231667,1923.3333,.48289561,1040.3036,1,.4311631
838,2020,.070199996,12.246013,.46884868,18555.207,.001879012,0,.15511213,.56336677,85.659317,.021530759,206894,23.887142,1717.0173,.46145847,875.23993,0,.42493379
839,2020,.071199998,10.071129,.50661129,16232.779,.00041157901,.3896054,.14452133,.6055159,9.7627144,.17600907,17983,22.940001,1034.9219,.57247782,524.01453,0,.37897292
901,2020,.094700001,13.382195,.55096173,20632.02,.00024513199,0,.12417029,.60556149,109.90557,.014326022,69623,26.715,1516.9644,.40097612,890.71094,0,.42173782
902,2020,.1065,24.209848,.50590503,18679.258,.00077238202,0,.13081299,.57023597,93.093422,.012731872,77815,23.635,2045.8334,.45987332,912.91833,0,.40583783
903,2020,.076399997,21.797474,.48957762,17454.691,.000552029,0,.1052902,.74036819,20.881769,.17280203,19087,23.591667,962.70831,.50676692,779.56744,0,.38654864
904,2020,.052099999,-3.015691,.41921222,17777.395,.0025247801,0,.12711595,.63926625,40.16832,.14314789,33108,18.054285,1026.0714,.50515002,559.93469,0,.37850061
905,2020,.0614,6.9818025,.50848585,17460.184,.00083298603,0,.1191748,.65907055,58.870644,.21220005,21944,21.371666,968.80206,.51175159,783.22192,0,.36390641
906,2020,.081800006,2.7955813,.4069162,21677.725,.00089197903,0,.13205352,.60735649,77.513199,.041727342,150860,22.983999,1400.0596,.39796031,964.40137,0,.41809732
907,2020,.075999998,7.8029561,.5908618,20548.467,.00014878,0,.1409696,.61613542,67.989342,.087046124,45840,22.59,2544.375,.40549734,852.10107,0,.47181976
908,2020,.086000003,10.184628,.53096026,19555.77,.00075408298,0,.1415323,.5870949,95.762299,.05277494,113670,23.923334,2139.0874,.43146688,926.24689,0,.44170928
909,2020,.081899993,-1.0824497,.50870979,17963.445,.00072243903,0,.15094177,.57881737,70.977859,.042310283,136216,21.323076,1327.8258,.51306278,968.8017,0,.39471415
910,2020,.069499999,-2.6302598,.51721627,19799.422,.00081626198,0,.12944326,.61710006,92.193176,.015934756,132238,24.305,1425.2841,.46083602,706.8064,0,.38609353
911,2020,.032699998,-11.997069,.51690024,16899.594,.00063572801,.20508713,.13400254,.78003567,30.996946,.064202972,9904,19.959999,1366.6072,.58706284,855.43231,0,.34410915
912,2020,.060599998,-10.681497,.54248434,20213.566,.0022491631,0,.13205785,.58274233,58.426212,.098736957,55665,21.033333,1282.9166,.4810634,716.55884,0,.35480464
913,2020,.065099999,-8.505168,.58140254,17904.467,.00107946,0,.16001892,.61222047,64.338554,.074068375,41484,22.184999,1370.8333,.55222958,714.81421,0,.36755362
914,2020,.058200002,-1.8950087,.5298695,20660.477,.00102612,0,.12211928,.57829905,82.402245,.038458999,109491,26.821667,1611.1111,.44070816,780.86053,0,.41673645
915,2020,.063000001,2.1933064,.45981234,23913.348,.001450991,0,.14162289,.61525249,264.46909,.015204552,704909,30.578888,1932.2666,.35527107,899.87878,0,.43280238
916,2020,.053300001,-2.8134558,.56805456,17774.984,.001102536,1,.13243549,.72492403,29.454546,.32861164,5643,14.66,781.25,.5515936,604.03351,0,.35987321
918,2020,.0625,6.1490693,.50970834,18734.68,.00059995998,0,.15796953,.62090456,81.975616,.065354519,37083,23.948334,1648.2144,.46449575,807.56903,1,.40618181
919,2020,.069299996,10.584127,.37299579,21877.676,.001586443,.0022783759,.13974476,.62089866,157.96925,.012752091,177551,21.635,1867.4108,.38016817,958.25897,0,.39969099
920,2020,.055999998,1.6976725,.49433351,18126.262,0,1,.25366446,.61392403,10.647315,.14273196,4038,21.325001,3585,.50718737,1126.6299,1,.41606334
921,2020,.059599999,-3.2058411,.53111988,18250.52,.004343051,0,.16124089,.68010873,75.702705,.026554422,55646,21.645,1781.25,.49349701,837.46967,0,.38348532
922,2020,.065700002,-12.230195,.53305835,18565.975,.000429812,1,.22829436,.58058298,36.059238,.096290879,27629,19.778999,2681.3215,.45765913,1331.2798,0,.41955498
923,2020,.0634,-11.298934,.40842912,19397.852,.00066225202,0,.14538257,.65250236,71.63343,.085844658,34404,20.309999,1320,.43409836,617.49457,0,.39535218
924,2020,.062399998,3.2452271,.37922969,23042.281,.0020438989,0,.14632066,.59780526,146.10515,.024745787,183898,37.026001,1603.5,.35503793,787.27081,0,.41715956
925,2020,.050700001,-3.5523932,.24793249,18830.938,.00089954998,.64850932,.18318526,.74146426,14.993636,.1896518,9786,17.272499,1020.3125,.46424255,615.21167,0,.36438137
926,2020,.067199998,-1.0749695,.54250997,19773.764,.001608993,0,.12812124,.58802336,64.088257,.064286545,120635,25.236429,1179.9644,.48911735,671.5799,0,.38876629
927,2020,.068400003,8.645606,.64534378,20478.377,.00075798802,0,.124961,.57262838,41.627285,.020237776,102740,19.648333,1257.9514,.46821672,780.99689,0,.39764452
928,2020,.055100001,-.75913769,.44323379,18876.721,.00038595099,0,.12580614,.69188958,51.853096,.18703826,11643,26.315001,1258.75,.47776744,341.4032,0,.35804114
929,2020,.068300001,-7.7296782,.54691106,20630.945,.00102612,0,.14143944,.59189934,82.927238,.048489321,129765,25.168333,1141.0844,.45485917,848.7171,0,.40319553
930,2020,.057300001,-9.6726723,.56699008,18585.697,.00083625998,.49432912,.140093,.61910737,43.543068,.09353251,34395,25.955,921.99072,.52922702,509.16312,0,.36920848
931,2020,.068700001,-4.4135704,.56737494,17762.244,.00085065002,0,.16782628,.60387105,72.468567,.18092272,35264,23.086666,1208.75,.52913761,1106.4016,0,.38207227
932,2020,.061100002,8.3500414,.61068249,20245.529,.0015329591,0,.14185438,.60226494,52.59708,.075028501,134820,25.881001,1280.1923,.48474663,756.98615,0,.36685845
933,2020,.061000001,12.914065,.56179512,19077.281,.001145173,.16344407,.16935016,.65727019,63.473476,.13900979,27202,25.306,935.79999,.50936818,694.2489,0,.37442616
934,2020,.073600002,-4.9209471,.50550663,17894.783,.001408203,.056186408,.1839059,.66861743,29.533983,.084618382,28414,25.421,935.4375,.51281822,734.43896,0,.39205083
935,2020,.055599999,-11.600115,.52880013,17960.988,.00043126699,.14394601,.26784012,.64689535,19.692581,.22489271,16944,22.5,1117.7222,.54366058,650.50909,1,.38451272
936,2020,.064800002,-3.738368,.47345552,18054.564,.00036957601,0,.24137568,.67045385,46.2374,.057963647,27258,27.5425,1103.2396,.51926261,679.5506,1,.39848071
937,2020,.064300001,19.222807,.65418601,17340.564,.0014593221,.8350448,.15230441,.66436362,53.832588,.092336372,13645,19.725,878.38843,.55999595,950.64233,0,.37650996
938,2020,.064300001,-.82684469,.55149329,20423.082,.002652768,0,.19003132,.59001648,64.029022,.096381456,77527,26.527857,1423.7505,.46691307,674.69257,0,.38300756
939,2020,.0581,-8.2072763,.39070007,23863.076,.00183165,.013311467,.17588897,.61723918,170.77277,.085250065,114205,30.1325,1412.0914,.35616761,1204.8315,0,.40686435
940,2020,.080799997,-8.4245262,.60352302,17843.695,.0020681829,0,.16852887,.60400271,40.447445,.11653741,36973,24.485001,976.63098,.55028892,721.13855,0,.37642276
941,2020,.055199999,-1.8489467,.37165728,16470.793,.000327869,1,.20053661,.65631092,20.225586,.12408485,13512,23.257999,882.40002,.56856871,481.16409,0,.37076387
942,2020,.074099995,-1.7131536,.50381255,17589.332,.00090186601,0,.18029808,.66208071,92.602295,.092422865,42994,26.167999,1540.7678,.49689567,1054.678,0,.39308742
943,2020,.062399998,5.7927523,.44454584,19027.674,.001119218,.041553508,.1742063,.60411274,158.00218,.13576347,104575,26.695999,1596.6167,.44301966,1044.5135,0,.41044211
944,2020,.052099999,13.667943,.46232823,14917.893,.000164989,1,.21085466,.67870915,23.489557,.39355791,8198,19.504999,1067.6563,.57315111,763.76141,1,.42435551
945,2020,.074099995,-1.0789419,.50521439,19188.879,.000394011,.10380973,.1701193,.64502317,88.900208,.099975199,13342,30.34,3292.3613,.4052808,1345.3427,0,.47317785
946,2020,.058899999,-11.558511,.52359509,18229.277,.00047058801,0,.19709989,.61919659,51.743771,.21151407,21922,22.943333,2061.5278,.47531387,840.06238,0,.45168179
947,2020,.055100001,-5.0456843,.52275568,14294.811,0,1,.16037691,.74590331,25.842144,.24219154,8358,19.309999,968.61108,.6289649,468.4541,1,.37695715
948,2020,.066100001,-2.590276,.63797688,19658.252,.00056477397,.010845351,.11650614,.57149053,234.25432,.01283034,286019,21.497778,1652.21,.46116647,958.02692,0,.40913415
1001,2020,.067500003,-1.5547129,.53237051,18477.113,.001080147,0,.14232832,.58043706,54.546646,.059124649,57932,25.2325,970.36462,.5126248,924.53296,0,.3883673
1002,2020,.071199998,-16.204678,.50896388,14282.675,.00029904299,1,.16893071,.54854244,9.3807135,.27708575,5946,27.635,383.54166,.57703149,715.96979,1,.39795524
1003,2020,.083000004,-2.2971458,.48189366,17087.656,.000197161,0,.16043973,.64034033,38.882374,.17219855,23789,24.193333,852.55554,.53778601,803.53888,0,.37991831
1004,2020,.083100006,4.3876839,.47942412,18611.072,.00094728399,0,.1865644,.60105473,57.188778,.10171189,54193,27.1,784.0625,.5496577,743.96057,0,.36576328
1005,2020,.081099994,-5.229341,.47913656,18812.82,.001247681,0,.15054503,.62151843,75.060867,.092659935,83982,25.133333,879.0625,.48694485,884.98169,0,.38311735
1006,2020,.088999994,.41280916,.56507146,16253.978,.00097978103,0,.13626455,.64992082,35.641747,.21567012,29593,23.91,661.41669,.58052355,1035.0302,0,.36764643
1007,2020,.089899994,-4.8687434,.50242871,17043.07,.00084654498,0,.13513158,.61612189,53.215492,.21211755,32861,23.745001,800.75,.52663529,931.67566,0,.39699253
1008,2020,.069299996,-4.396697,.31680533,15091.794,.000242542,.86306071,.15581939,.61173719,8.0982752,.43561441,7477,20.442499,360.9375,.58089358,994.72638,0,.38190433
1009,2020,.082500003,-6.6771927,.42134789,20645.953,.001297317,.0088382773,.1593308,.59520584,351.09396,.071200594,246312,31.252222,966.51733,.43178049,896.59558,0,.41158998
1010,2020,.090100005,-3.5816309,.46843687,17711.887,.001368074,0,.16207458,.64248002,89.062866,.22145215,44270,22.261667,442.01389,.50233334,854.7735,0,.38249409
1011,2020,.086400002,-5.930162,.49986711,17021.707,.00066648202,.041282654,.17664248,.62605304,33.908623,.29938105,35530,23.264286,788.63098,.54124117,789.03632,0,.39326671
1012,2020,.088599995,-8.2617826,.62444586,17576.783,.00061766501,0,.17325726,.62170792,70.595436,.30923826,20012,25.976667,748.33331,.57282758,868.54651,0,.35828179
1013,2020,.073600002,3.5795226,.47839224,17846.027,.00045763599,.35034883,.18056643,.65983456,39.853466,.16043606,41016,24.058332,968.62268,.48649919,731.46991,1,.40982565
1014,2020,.088699996,-3.4340725,.40219527,19039.035,.001580167,.016005836,.14417507,.63071531,84.110641,.076089062,176184,27.555555,941.94446,.44830748,905.69897,0,.39158976
1101,2020,.081400007,12.791615,.59671611,15688.648,.00033003301,.17796813,.15048333,.64659995,28.304911,.11961691,20670,25.565714,931.90472,.60637045,1238.3971,0,.37077078
1102,2020,.086499996,19.102869,.54414821,19140.773,.00161567,0,.14323819,.58255333,73.871269,.055991359,104255,25.295555,1151.8088,.47294426,946.24829,0,.39911002
1103,2020,.071900003,18.842703,.65709341,16635.072,.001162875,0,.15145384,.66352737,8.7955647,.17524105,26842,24.84111,804.84259,.59867567,550.57068,0,.36333293
1104,2020,.080499999,47.317078,.55220371,20746.16,.0013992829,0,.14740252,.57882762,83.53521,.041618295,129712,22.817142,1253.8163,.44083712,867.28003,0,.41272512
1105,2020,.1025,10.348959,.5346182,15540.157,.00032985199,.44931522,.14097285,.63363856,9.8855286,.1753397,18630,21.496923,945.25964,.62439317,632.75018,0,.36317247
1106,2020,.0858,22.340351,.61427486,16885.414,.00068166299,.13977706,.1359628,.59934318,51.217358,.051795471,13529,29.468,903.04999,.58073342,1117.3887,0,.37818202
1107,2020,.077500001,15.642802,.64711899,19062.873,.00080573,0,.1435302,.5874818,27.599419,.11344817,27827,28.522499,1100.2983,.49993798,1087.6129,0,.37417328
1108,2020,.081999995,-.47121558,.36906409,21553.406,.0026099989,0,.14580825,.60869765,166.89223,.031204218,175559,33.726665,1036.0952,.40919563,1054.8868,0,.39490834
1109,2020,.092600003,2.4460616,.62568158,19508.553,.0045839702,0,.15304285,.62197793,68.232941,.097024322,42570,25.65,630.52087,.47417113,778.53113,0,.38421211
1110,2020,.083500005,15.202387,.49452189,19303.197,.0023571639,0,.15295155,.61495668,56.95137,.085693166,96975,29.2125,786.23956,.50231022,775.11346,0,.37179396
1111,2020,.081499994,13.99056,.54756016,19778.84,.0016050451,0,.11929708,.57923442,79.653168,.057244908,46142,29.129999,1095.2396,.50345069,851.8598,0,.3642216
1112,2020,.1071,13.18045,.5032773,18759.564,.001225565,0,.13956425,.60380518,45.983723,.070751719,83699,25.645714,1128.631,.48558882,1051.3246,0,.40445811
1113,2020,.084300004,4.0436788,.56600261,18203.549,.001217793,0,.13484947,.56259167,55.987049,.047510821,75360,27.035,1269.9229,.50826043,1407.661,0,.41158229
1114,2020,.082500003,1.1111153,.51824129,18813.475,.001145285,0,.14039032,.62601638,50.907616,.086092681,107752,29.739166,862.88678,.49710101,963.70898,0,.39701304
1115,2020,.075400002,2.6009934,.50045788,18488.781,.001425577,.004706589,.15024698,.63901961,24.614502,.11256648,29613,25.268461,394.34753,.51137269,1126.022,0,.37143135
1116,2020,.0867,8.4931984,.66971743,19276.287,.0023917961,0,.14106946,.57051319,58.331421,.092372172,78992,29.838751,1430.5884,.49291804,827.81586,0,.39594212
1117,2020,.0788,4.7827992,.57551527,17511.555,.001015047,0,.13425753,.64860946,40.49334,.11721735,33448,27.776363,449.58713,.54666167,901.18219,0,.37184012
1119,2020,.11300001,-5.1757541,.44434664,17346.045,.001154653,.0093334364,.15198241,.59597385,51.779533,.15543494,115316,27.074211,738.43854,.51559913,1367.5541,0,.39840108
1120,2020,.0691,-3.1770589,.64535701,14773.512,.001213838,.65725547,.14293067,.5976882,8.2951698,.31202269,16685,30.16,712.76392,.64324421,994.67346,0,.35832086
1121,2020,.096299998,7.8962216,.50863403,17491.213,.00046002399,0,.15234324,.57915133,58.107609,.049786177,98811,31.844999,1288.8125,.49349579,1211.9957,0,.41897225
1122,2020,.085600004,10.560225,.56161082,17463.855,.00090008997,0,.13108276,.6011821,80.557426,.057049699,76735,34.679165,1137.3416,.50298297,1328.3104,0,.41247866
1123,2020,.049099997,-7.0275373,.6893509,15493.289,.0013134599,.02133907,.1072827,.61200672,7.775342,.10832243,33866,26.944,796.33331,.62026817,1532.0653,0,.37187192
1124,2020,.07,-5.6340108,.79424059,17130.75,.001693767,0,.10931879,.60736954,42.088158,.067613006,20334,22.084999,905.5,.59698546,1327.906,0,.37040317
1125,2020,.0858,-8.1234245,.70937169,17468.877,.001696601,0,.12668166,.5553053,48.553299,.048821349,42737,26.965,1350.1667,.57000887,1326.2086,0,.43929237
1201,2020,.085100003,21.141092,.48067975,14673.974,.000498629,.77927423,.17775251,.65063715,27.310104,.065829851,17328,27.241249,1035.9375,.56689686,782.72656,1,.40457833
1202,2020,.1172,-6.6694489,.55769575,16174.733,.001129306,.48487419,.15714028,.52611029,46.842602,.073007196,67295,23.05125,1010.2604,.5108465,1074.0586,0,.41097257
1203,2020,.1001,-2.3343508,.52379614,13793.074,.00062843697,.45276168,.2077558,.59111542,52.053658,.088830769,22638,25.965,978.64581,.57710975,671.76898,0,.42152026
1204,2020,.091800004,-3.4002368,.4746536,17734.318,.000238521,0,.16993628,.58796334,39.258247,.12696075,18076,25.165001,1253.5714,.43588731,933.18927,0,.42742121
1205,2020,.1184,-.29057285,.43819788,17715.279,.00087142002,0,.16126901,.56127352,66.224937,.060817875,187585,27.487038,1053.7556,.44245952,907.81659,0,.42267787
1206,2020,.094999999,-4.4263449,.38571247,17713.396,.00082629902,.33847505,.16298886,.57946932,64.74826,.10008214,138693,23.701563,826.46368,.46779776,1102.65,0,.39233723
1207,2020,.1133,-1.2965961,.34099805,20052.492,.00093075202,0,.12727575,.55982983,105.88768,.034896161,78697,24.9025,1390.1041,.37621823,1175.2417,0,.41813868
1208,2020,.1154,1.9251406,.3332811,17916.889,.001332445,0,.14972317,.50472611,87.487434,.061967343,454006,24.499231,1463.0769,.45113954,1181.8547,0,.41260329
1209,2020,.091899998,-3.0758944,.32117519,24221.816,.00083414599,.0124353,.15077543,.53898525,237.44466,.019167423,3720214,22.572809,1165.5132,.29331219,1258.5293,0,.47933769
1210,2020,.123,.17724866,.44678411,13064.649,.000047551101,0,.17603181,.50145626,54.885204,.098811209,52971,25.718,1291.9149,.56636238,1512.7666,0,.43381181
1211,2020,.1277,-2.5968709,.44387892,16645.775,.00046828701,.010585434,.1354301,.56904966,84.239296,.067745164,71813,27.106667,1439.524,.44395897,1357.4381,0,.43051982
1212,2020,.1295,-2.3595335,.50578165,17328.275,.00052061601,.097733259,.15441813,.57889205,103.97029,.078115292,33768,28.246666,2665.9343,.41300189,1286.061,0,.45106182
1213,2020,.1192,.19235466,.37074748,17335.623,.00093906198,.0049904129,.17375949,.53024447,135.69298,.06718649,217457,23.274445,1045.4031,.45544878,1375.4899,0,.42992789
1214,2020,.1113,-7.0677915,.43301621,14520.681,.000142748,.13889155,.22675808,.52750921,56.630905,.19188108,60740,19.905714,878.5119,.54649359,1123.1835,0,.41932958
1215,2020,.13869999,-1.1414948,.4731515,14479.26,.000355547,.81882221,.21998294,.53302634,90.65313,.099389017,52984,22.115,1956.2981,.50245017,1734.4838,0,.45216227
1216,2020,.1364,-.59046185,.50933462,15909.098,.001681601,.017535549,.14092778,.54915434,41.984222,.17164333,136286,27.253429,666.45953,.52312309,1262.7389,0,.39968202
1217,2020,.11390001,-.63715965,.43589768,16618.189,.001081009,.059183776,.13990882,.54270887,54.345482,.08977887,329750,23.103043,794.87109,.51452768,1140.0087,0,.39499485
1218,2020,.1195,1.3915895,.45108873,15066.941,.00033001101,.0033199431,.131028,.57417387,38.586136,.11791181,94175,29.816,688.95453,.54185051,1140.6711,0,.40853149
1301,2020,.1177,-7.6462607,.41068083,16135.867,.001711596,.0097548841,.18743172,.54797828,43.367565,.13778603,118309,24.530975,639.18048,.50040227,1212.8945,0,.40612906
1302,2020,.124,-.17709589,.4830476,13856.206,0,.86022151,.12550944,.52878189,9.930213,.071253836,16450,31.475384,1013.3975,.51991045,986.38446,1,.45359856
1303,2020,.083900005,11.012595,.47842598,13874.825,.00093443401,.12527458,.18865179,.53521127,75.050484,.082061686,15200,36,1018.5,.57917017,1601.9023,1,.42152506
1304,2020,.096299998,-10.112121,.42321244,19941.826,.00104305,.02132239,.12639245,.56362152,79.833839,.30714625,98996,33.545937,510.80136,.41192147,837.297,0,.3925465
1305,2020,.1065,8.6830635,.4809337,12086.995,0,1,.12644072,.57148218,12.334051,.1988233,4127,34.425999,1098.5,.58782774,901.91138,1,.42285445
1306,2020,.1328,-1.6252298,.43142703,16135.567,.00063374999,.14356562,.13674596,.62362123,32.735149,.073104419,57658,32.111378,616.21149,.48562101,1227.7211,0,.4144018
1307,2020,.1026,-9.1874094,.43485379,16287.631,.00098354497,0,.18492357,.54913437,88.884308,.087621786,68116,28.218,942.875,.55280489,1754.1832,0,.39830965
1308,2020,.1018,-.97539449,.50655878,14822.418,.001956054,0,.16506854,.55118996,102.39814,.071793407,40650,28.966667,1129.8889,.5839138,1529.4083,0,.40117222
1309,2020,.088500001,-2.0961533,.48104644,16791.797,.0010430641,.035548303,.16051434,.56192374,80.601662,.19778365,107711,27.323334,597.08929,.52202851,1314.53,0,.4004361
1310,2020,.1172,5.5753722,.60456485,14789.548,.0018609141,0,.17581651,.53761196,68.099991,.075825222,63024,25.687778,890.81482,.57406902,1637.8739,0,.41788611
1311,2020,.1302,17.2138,.55684084,13193.569,.00077113701,.23641203,.17109089,.57104135,9.4188595,.23425204,40058,23.959286,580.78125,.65830249,1038.3904,0,.38061896
1312,2020,.1144,7.5806274,.39929411,18647.736,.001176265,0,.13366544,.56302494,305.92035,.032229025,261406,31.756666,1077.0608,.41575786,1676.9143,0,.44877177
1313,2020,.092399999,5.515604,.53337318,15540.654,.00070151599,.33190653,.13350216,.59211773,47.117081,.10545248,100927,24.659189,655.51801,.56611693,1186.5424,0,.3961693
1314,2020,.1258,2.94122,.44608465,16182.837,.00090141798,.018295383,.14992876,.57989216,57.43087,.098962292,129614,26.295946,635.70569,.50719285,1174.7186,0,.41003862
1315,2020,.1006,7.4914842,.41965297,14339.503,.000383215,.41893679,.14181513,.6327529,9.079401,.20264642,36388,27.957144,638.93848,.58419085,1039.538,0,.40818861
1316,2020,.1278,3.4654655,.37301067,15285.094,.00047684301,0,.15739143,.59472466,77.46286,.38290462,32253,29.823334,768.33331,.52916008,1038.1542,0,.42076945
1317,2020,.092399999,2.0884442,.63345867,13530.275,.00068969501,1,.14834687,.56990474,73.159645,.15060051,40319,29.162777,562.26849,.62487763,1198.6804,0,.39020824
1318,2020,.1208,-2.0182023,.45281994,16200.44,.00045080099,.21883272,.13715272,.57053411,90.089035,.099882253,60559,25.824545,708.23865,.50670612,1201.7808,0,.41718405
1401,2020,.13600001,-3.5474179,.34542453,12337.995,.001140808,.23925246,.1220938,.49733499,13.36275,.22027166,14136,32.445,498.61111,.60854143,1246.3877,0,.42849255
1402,2020,.1349,-.15672681,.3910121,15306.559,.00051823701,.2125908,.12505603,.57342553,61.271339,.20109253,105697,31.229534,530.742,.49544916,1201.3274,0,.4359833
1403,2020,.1192,4.470367,.50112259,13936.732,.000620718,.48684689,.18576919,.55334538,74.162704,.11994714,94865,28.88258,553.5567,.55480397,1226.8794,0,.42856637
1404,2020,.0995,22.873003,.42004666,13284.623,0,1,.10889212,.69614094,9.6200294,.3741042,10092,35.338181,606.29547,.56006324,885.56049,0,.42665544
1405,2020,.12540001,-4.5565634,.43459561,14243.895,.00094652199,.0746167,.14788857,.55862027,44.254955,.19071928,76550,32.174564,655.79712,.525801,1009.7849,0,.43464682
1501,2020,.1443,-1.9631256,.4478347,16836.662,.001252692,0,.14911084,.482743,153.32306,.018911151,302907,24.129,938.36823,.43668416,1420.8298,0,.4377532
1502,2020,.26280001,10.041505,.41903582,10613.721,.000054420801,0,.18432085,.45350721,142.79373,.041567806,135280,18.167273,695.63391,.62153876,1312.2783,0,.4344922
1503,2020,.22870001,-5.477128,.39683062,12952.757,.00040685301,.40249217,.18954965,.5512991,38.784191,.13920885,56182,23.869524,671.68652,.56194103,1020.7325,0,.42465901
1504,2020,.1673,-.016380871,.38926801,13591.858,.000182349,0,.24002731,.51668173,81.704094,.13780382,48177,21.514,705.74402,.53828275,1097.7728,0,.42144668
1505,2020,.1769,10.098768,.42454976,13710.784,.00082496199,0,.20945553,.52776837,41.436581,.10770406,57418,23.438334,651.20367,.54483962,1002.4155,0,.40966243
1506,2020,.15000001,-2.7621133,.38531014,15439.173,.001059402,0,.16469927,.5279026,73.859589,.13343287,131488,27.753334,969.58331,.4675023,1474.1233,0,.43965971
1507,2020,.1268,-1.102255,.4565891,8577.2109,0,1,.12522277,.63301283,17.759584,.18408304,5903,21.48,898.33331,.69497567,686.85498,0,.39706704
1508,2020,.17,9.2481031,.47385263,13340.967,.00092042901,0,.17366728,.48285848,47.150543,.078215532,67860,23.689285,817.3244,.5517109,1688.9191,0,.42470881
1509,2020,.12560001,.075223617,.55977708,11349.653,.00097962399,.6040808,.14362229,.61996919,10.624588,.35891202,9327,29.738001,902.33337,.59358889,822.19409,0,.42668313
1510,2020,.10770001,-9.4536161,.48184597,8484.8105,.000108554,1,.13841943,.67032242,12.186416,.1092465,14899,24.924545,699.77271,.72017133,599.34381,0,.41505811
1511,2020,.132,-13.880734,.42730856,9710.1787,.00075335201,.55029476,.13908908,.63199037,21.055349,.23618457,10712,30.73,907.83331,.6473797,792.84454,0,.4181082
1512,2020,.1529,-2.2603178,.41442153,12677.119,.000160462,.20041582,.17233841,.54266715,15.911826,.10597365,51636,25.958334,899.90741,.5448339,1135.4496,0,.4415963
1513,2020,.095799997,1.5825379,.49001548,22735.17,0,1,.36309907,.52246827,88.079521,.029200749,14040,20.764999,6831.25,.36931443,3211.6936,1,.49626651
1514,2020,.2059,4.6747475,.40094644,14577.056,.00045781699,0,.17167999,.50923407,163.95277,.032226332,140318,17.215714,1506.8254,.5369975,1991.9209,0,.41846463
1516,2020,.1497,-16.321087,.38923687,15522.828,0,1,.21999347,.51427895,88.783775,.043723464,37522,24.406666,2508.6111,.48908058,1548.8578,1,.45616564
1517,2020,.23540001,-.075132899,.40489185,16770.141,.00086938799,.0041207732,.13687663,.48924777,338.1087,.026234871,2504992,20.659828,1319.6672,.44352397,1582.816,0,.45800152
1518,2020,.1868,-2.4782109,.46668178,14341.17,.00078739203,0,.1734159,.46441883,107.18977,.049184076,269302,24.890882,946.7901,.53843892,1546.3662,0,.42073345
1519,2020,.16870001,7.8050418,.59986341,11646.148,.000068808899,0,.15148056,.43036413,160.3708,.046658762,101904,19.139999,1019,.5991993,1611.4469,0,.43464199
1520,2020,.1444,.42266077,.45221287,18571.012,.000154548,0,.28830388,.54037327,65.370781,.04269829,80147,27.33,3355.8333,.42522168,1582.2096,1,.45816529
1521,2020,.21620001,-.90610451,.40838331,15427.116,.00051833002,0,.17924631,.52125764,193.15781,.023692984,244863,23.565714,1468.4014,.49690008,1642.326,0,.42694414
1522,2020,.1543,9.7239017,.46008185,12394.198,.00066943699,.028021401,.14276479,.55724347,66.532806,.1396227,75266,26.759167,574.4881,.60023999,995.86011,0,.42243439
1523,2020,.15890001,8.9376984,.41645554,16165.163,.00089075998,.060783654,.15709245,.51369828,90.107841,.062957495,190289,27.374584,692.63745,.45629054,1476.1349,0,.4417375
1524,2020,.12710001,4.0592055,.46498722,11744.065,.00148828,.94966602,.14723319,.57736731,45.769855,.18921117,35019,27.498823,559.58582,.61150557,947.42987,0,.43181044
1525,2020,.16370001,8.6375494,.61396629,13242.779,.00093405601,0,.16250592,.46114013,134.29985,.075984582,31424,20.799999,929.92786,.61849058,1626.7571,0,.40888777
1526,2020,.15439999,21.989977,.48710003,11681.442,.00090569502,.62113249,.1605607,.58391672,11.55407,.28146833,16265,30.954445,511.8287,.62302583,1776.8397,0,.41725162
1527,2020,.2,5.5437984,.47750321,14172.336,.001038505,0,.19035172,.51704061,123.08245,.050610069,31894,22.972221,762.32141,.49640077,1206.8104,0,.44630921
1528,2020,.0995,-2.8005962,.45363918,15635.519,0,.2050333,.3652178,.55972832,14.77669,.071175769,22730,22.807501,2627.2136,.54280943,2093.8655,1,.41556144
1529,2020,.15109999,-6.5358129,.48626363,11986.058,.000094993797,.034298658,.23031162,.54699033,21.617645,.17016993,24606,24.713636,776.83331,.56410116,1679.7017,1,.44505611
1530,2020,.20979999,-3.6408792,.37504861,13743.256,.00092589599,.030932477,.23354219,.48415732,178.85524,.03047788,85353,19.826,842.33752,.56809032,1903.8158,0,.42035717
1531,2020,.1513,-6.5984087,.44793275,10302.183,.001041576,.064534232,.257036,.56826752,13.809867,.24534474,24618,19.450909,622.93304,.71155375,730.19214,0,.38625759
1532,2020,.1673,-11.137234,.57804507,9576.1357,0,.96337187,.27057567,.56039727,26.005573,.13695808,15195,20.4125,991.13538,.63542533,1327.8555,1,.42303589
1533,2020,.20200001,-10.667152,.45924693,10962.779,.000108184,0,.29471606,.4819155,35.459404,.085083038,38071,20.09,802.60419,.6422354,1852.2054,1,.41955093
1534,2020,.1469,-20.275846,.52182078,11846.229,.00035945399,0,.20874028,.52496463,8.5702133,.22524244,13460,24.922501,871.92706,.56004173,1333.5857,0,.44155806
1535,2020,.16360001,-.59225541,.37865034,12599.063,.00031414401,0,.28534734,.46575406,168.54395,.1988845,61595,18.76,787.2113,.58098924,1698.678,0,.42225784
1536,2020,.1882,.99069673,.36832228,15181.148,.00041797999,0,.15010057,.48852575,126.56941,.043776274,100889,27.652,901.67145,.51368773,1596.7401,0,.42270055
1537,2020,.1531,-5.5034528,.52640009,10834.721,.000749144,.42226541,.21749453,.53055155,15.071733,.16894077,20879,20.155001,593.66071,.67018479,1167.3666,0,.40371886
1538,2020,.1481,-14.327538,.46674168,10401.929,.00023724799,.70367092,.16403599,.52220815,19.637678,.17095967,17655,23.476,609,.67358238,871.89032,0,.40726417
1539,2020,.17829999,2.9184053,.32878083,13108.676,.000064368702,0,.18452594,.48897082,116.47735,.022661256,90827,22.454,920.36902,.56879175,1817.6489,0,.43143314
1540,2020,.13789999,13.757969,.49527043,17687.232,0,.19141845,.32783952,.52735949,11.203506,.036471888,14294,16.67,2343.6458,.48062325,1366.9005,1,.47764841
1541,2020,.1425,-23.105293,.37414318,10837.647,0,.66630453,.24398115,.63024563,31.092707,.1649868,20687,30.382,574.6875,.66455144,797.65649,0,.40593848
1542,2020,.1232,-1.3176178,.37375927,11994.828,.000586604,.44957787,.11371481,.55201131,51.81554,.097212709,39488,24.202223,649.79163,.6005246,1320.434,0,.42693827
1543,2020,.17739999,1.232373,.39187708,17699.051,.000880379,0,.16093922,.52624089,252.90271,.053431757,327076,24.997059,1229.9486,.42060906,1637.1073,0,.45094433
1544,2020,.1759,-6.6233101,.48223516,11967.584,.00053662498,.25548732,.19758092,.58126682,55.628784,.097387061,31142,20.076,709.55359,.54547626,962.85565,0,.44297731
1545,2020,.19559999,1.5764776,.3104426,11841.031,.00057533302,0,.21891859,.47584456,98.423416,.027062222,41808,17.48,928.125,.63652623,1339.3374,0,.41274604
1546,2020,.123,6.4024401,.41506234,13133.268,.00045223301,.031352326,.18952605,.57068467,78.010788,.12201408,24010,33.627857,614.32983,.51922119,991.95477,0,.45873764
1601,2020,.14039999,.68043172,.47056061,11156.462,0,.16066827,.24087971,.60477436,94.190338,.017031942,43122,22.134001,586.45831,.6363346,1114.6338,0,.42496839
1603,2020,.20719999,18.762934,.34914723,9910.6035,.0000337325,0,.39965451,.48601755,107.84116,.040954176,66137,15.78,784.16669,.67172545,908.14575,0,.42143118
1604,2020,.14930001,12.70517,.36276126,14881.791,.00067799399,.054982271,.20244168,.53961372,157.05707,.031689264,258484,20.87125,717.56946,.50446588,1264.452,0,.44165611
1605,2020,.1446,-4.18256,.39561325,13278.381,.00025003799,.14056532,.16776843,.55354649,111.06417,.0463681,43597,23.026667,483.68054,.5658018,744.55591,0,.43020371
1606,2020,.1723,5.3142748,.43735826,13076.781,.000461861,.34936368,.24373749,.54270452,121.47219,.051472988,90518,19.125999,1276.25,.56444293,915.84235,0,.43148834
1607,2020,.1381,-2.2373145,.38014624,9396.8301,0,1,.33335161,.55439812,17.348043,.12453515,11828,18.906666,734.72223,.71469945,812.58856,0,.39135242
1608,2020,.1504,5.6075735,.43154675,15699.308,0,.36214969,.20864506,.51939511,104.50555,.034645993,41806,29.616667,884.72223,.49464324,791.18329,0,.42810982
1609,2020,.13,1.3151156,.34304583,11015.338,.000074671399,0,.36120924,.52428621,102.55247,.0067590978,22436,19.620001,672.91669,.64184791,835.91461,0,.42866904
1611,2020,.1521,1.5996903,.43546236,15778.938,.00036176201,0,.17432353,.53118086,113.56473,.020297671,34782,28.855,996.875,.51017582,1304.4871,0,.41614491
1612,2020,.1445,1.636507,.38792875,17467.699,.001334318,0,.1610375,.53027236,366.14502,.028583959,729558,23.372999,1285.3949,.44791102,1329.5132,0,.45041394
1613,2020,.12630001,-.087562911,.40773734,14333.925,.00041483401,0,.1978676,.51629472,122.1376,.039126564,72468,23.51,1416.625,.5256778,915.18079,0,.4443095
1614,2020,.13689999,-5.3445854,.382173,15552.966,.00048227599,0,.1760499,.59152353,107.72362,.055416901,33361,27.855,950,.48937404,1041.8892,0,.42725271
1615,2020,.16469999,-4.6591573,.47005525,13154.358,.0001276,.032503091,.18804221,.48655835,133.71512,.03389328,44258,31.52,791.07141,.62794644,1032.3844,0,.42290297
1616,2020,.13159999,7.8548656,.42923969,15032.209,.00077549397,0,.18860996,.54045039,172.39111,.020786792,158560,26.8575,1592.8896,.49910462,1148.6412,0,.44566312
1617,2020,.13350001,6.6252465,.49225453,14853.876,.000249087,0,.25191936,.52362585,122.7841,.04731077,65664,25.705,1864.323,.55053872,1542.257,0,.42434222
1618,2020,.12630001,-1.4438834,.44251797,15032.586,.000506112,0,.16560283,.54387915,101.08582,.037643701,63970,26.110001,1158.2341,.54597253,1179.6598,0,.42773157
1619,2020,.1133,4.2961726,.27391264,14426.598,.000045255001,0,.35589293,.49325493,98.89872,.019553412,57512,25.33,1240.2778,.54534322,1021.1416,0,.4421722
1620,2020,.14220001,-6.3963389,.41886571,13502.565,.000231514,0,.31409115,.54289222,122.49818,.08636342,55570,19.7225,1015.6459,.58698255,1142.8872,0,.40064886
1621,2020,.1504,-6.2611179,.40220907,12307.408,.00093572302,0,.28891981,.53816777,106.79763,.056275345,36711,23.915001,1039.6786,.63464594,1553.2263,0,.40410221
1622,2020,.1304,-4.2938614,.45447746,12298.572,.000128899,0,.26612791,.58469641,85.327843,.041195687,61595,19.686001,702.47327,.60813451,1172.5096,0,.41947246
1623,2020,.1095,.3943862,.52760267,15220.323,.000446766,0,.16957973,.55369627,112.87321,.065360703,72514,23.49,1137.1111,.54783857,1355.4137,0,.42088461
1624,2020,.1329,1.6746169,.46667677,16866.607,.00088121998,0,.18857114,.5574891,177.49104,.04471964,371341,18.582777,826.26801,.47043332,1581.6863,0,.41359088
1625,2020,.1815,-2.655884,.36611664,15420.722,.001372242,0,.22966826,.56079561,157.35017,.034096781,162452,22.561111,1321.4286,.51298034,1328.0869,0,.41766489
1626,2020,.1222,6.5952191,.51526999,11658.878,0,0,.33981407,.5657115,85.270508,.1289454,25477,19.584999,975,.68416274,965.64856,0,.39574909
1627,2020,.12310001,1.3964328,.47386494,13413.344,.000721947,0,.28561202,.52440035,90.891449,.072196364,50382,21.76,1250,.62423444,1353.3772,1,.40839398
1628,2020,.1276,15.869199,.52965605,13386.272,.00080941402,0,.28567818,.52820331,110.16515,.047459017,50337,20.959999,1300,.58645308,1008.7322,0,.40373364
1630,2020,.1022,22.759148,.49617335,14101.082,.00031311999,0,.23105463,.56090182,119.25465,.13745329,47729,23.969999,1350,.54483497,1435.0391,1,.42859346
1631,2020,.16780001,1.2670255,.51253891,11857.656,.00071614003,.73394024,.18573263,.56385845,89.777893,.041404162,70829,21.467142,625.59521,.65020263,1013.7868,0,.41530564
1632,2020,.19840001,6.2901211,.43748131,11456.057,.00053657702,0,.30400571,.5799017,100.36107,.013344669,51046,22.796667,598.22919,.64244831,1032.1204,0,.40873313
1633,2020,.1737,-6.482933,.50842166,10418.247,.000101709,1,.21443668,.62556928,15.398118,.086410142,29215,27.105833,615.15625,.59496772,1212.1455,0,.45526898
1634,2020,.1574,-1.523321,.4868291,13458.571,.00081570802,0,.17140402,.58739144,92.736,.029721314,60290,27.935715,561.32739,.5617907,961.21777,0,.42451182
1635,2020,.17479999,.57156551,.51507574,13439.302,.000177888,0,.17328238,.58030003,78.75769,.035177898,36816,25.17,776.08679,.51731461,1640.2856,0,.45477465
1636,2020,.16129999,-3.7810681,.42218801,16297.848,.00076413102,0,.17667221,.56683517,121.6214,.030404933,279604,27.664167,626.53821,.46983773,1375.0593,0,.44621795
1637,2020,.14840001,1.3469508,.49387246,13296.134,.00041602101,.034199648,.19644682,.59007311,57.784508,.018161844,84635,27.802727,562.11176,.57331568,1318.2484,0,.42092422
1638,2020,.17559999,2.1284864,.5087229,12815.838,.00035093899,0,.19970623,.54748845,96.951874,.06505622,52132,20.923334,815.58331,.55429864,1783.806,0,.4345229
1639,2020,.15459999,-9.9710045,.55762583,12732.512,0,.53241241,.2262221,.59181988,53.688354,.11340671,20947,27.346666,900.52081,.57732219,1108.7317,1,.42842105
1640,2020,.14470001,-3.130718,.45715284,13081.823,.00087285403,.96729046,.17594197,.54245549,52.110588,.057655733,48518,29.709999,584.85187,.5737251,1347.7887,0,.42578664
1641,2020,.2006,2.1433153,.50151283,10632.638,.000111297,.75695097,.24871124,.55778158,76.250618,.050950129,48133,22.875999,643.8125,.66299051,1409.5608,0,.41723785
1642,2020,.16049999,3.0010612,.5227446,13384.79,.00029518799,0,.19896416,.4951956,167.69189,.014801658,287471,20.799999,1324.2007,.56408429,1229.3682,0,.45415488
1643,2020,.1381,6.1892996,.54082102,13460.139,0,.42197031,.22121362,.56830943,133.07094,.040866934,14747,24.725,790.91669,.60901111,860.40735,0,.41607958
1644,2020,.1469,-6.8954005,.27743474,10305.981,.000165085,0,.46918008,.52345228,132.55809,.012250094,27954,17.125,758.33331,.66623998,975.95239,0,.41245547
1701,2020,.063299999,1.519998,.37988576,14682.135,.00035207099,1,.19648494,.55079103,58.267143,.24209744,28396,33.712856,637.59723,.55336553,1012.8044,0,.38968641
1702,2020,.076099999,-19.860121,.42600802,14031.038,0,.30899876,.22628362,.57825333,75.518372,.23898084,7117,29.325001,1082.6202,.53015476,1255.4786,0,.43666723
1703,2020,.096899994,1.7322954,.37463436,13700.949,.000553447,.88322639,.22377476,.55309898,93.10936,.17230292,33910,28.24,599.53204,.55730534,834.76038,0,.42595142
1704,2020,.10640001,.31793252,.61662132,13807.507,.00042493999,.788064,.20694046,.50767875,81.957878,.040493235,61839,19.362309,680.08014,.61604798,1178.3254,0,.39798892
1705,2020,.1141,-.80644542,.34632334,16052.866,.0011473109,.24420027,.15173218,.53161263,107.74047,.17999077,157091,27.769375,667.97394,.50848657,1387.4155,0,.41928136
1706,2020,.1167,7.5034909,.49277484,14120.573,.000226706,1,.18805167,.51452756,102.19431,.14734787,25818,23.211666,656.72223,.59458655,894.31207,0,.39086875
1707,2020,.083800003,-10.077374,.37112033,11716.264,0,1,.26450014,.56263626,53.796154,.12243889,15431,25.292,576.33331,.66197175,1165.5338,0,.40692383
1708,2020,.11390001,14.514901,.40737954,11412.513,0,1,.28362262,.56149268,76.003387,.11765946,19321,27.465,565.03845,.66740364,1036.5452,0,.39585519
1709,2020,.1022,-6.2397285,.4149335,16867.307,.001737381,.2162085,.16551375,.54557174,198.87556,.039996911,94265,24.172501,792.47919,.48293352,1443.998,0,.42743754
1710,2020,.1075,-19.899166,.44864213,11039.578,0,1,.32941625,.52905232,68.544861,.095988266,13533,26.594,583.83331,.65628272,915.79846,0,.40464672
1711,2020,.1233,4.3218942,.39786929,12783.302,.001147194,1,.28393239,.53409034,77.390205,.070346624,29579,19.586666,825.83331,.58771497,1504.5129,0,.43236023
1712,2020,.1261,-3.8208559,.38461539,12158.428,.000158261,1,.32707489,.49137548,82.710091,.093523063,39573,27.368334,695.97223,.59748858,1073.8965,0,.43048599
1713,2020,.10479999,-7.6496372,.39821655,11344.981,.000275103,1,.29128492,.62589008,67.118996,.12421992,8568,18.908333,508.75,.70817065,849.04492,0,.38055697
1714,2020,.11189999,-33.00861,.37978855,12899.128,0,1,.19171154,.56712294,66.892822,.076202303,11611,29.715,588.125,.63839769,821.02045,0,.38655272
1801,2020,.18700001,2.6515996,.43923604,11602.074,0,.87885106,.33216029,.55409241,48.64101,.13017824,22697,27.17,621.875,.63491511,909.26178,0,.40516463
1802,2020,.21209998,4.8548889,.46982622,11426.46,.0001221,.44550124,.18467127,.54127419,47.170513,.22165398,27121,24.395555,672.08331,.60391718,1076.0979,0,.43511546
1803,2020,.19469999,3.5697179,.44112083,11589.37,.000272926,1,.1747836,.58559471,50.626438,.12180588,21585,25.225,947.5,.58804077,1511.9884,0,.43514431
1804,2020,.21040002,8.1184464,.44947287,9740.2783,0,1,.44040674,.59636396,79.135506,.03508186,17185,23.3675,608.28125,.6676209,1277.6837,0,.40441859
1805,2020,.16249999,10.112169,.4686864,10655.413,.000105097,.22808255,.32582012,.56336254,64.872833,.098627649,47984,27.202143,596.69641,.64594698,1326.6172,0,.42367521
1806,2020,.16780001,-3.2433972,.38200292,11593.942,.00047562399,.038894422,.31797728,.5539791,65.243042,.070392273,58807,25.692142,550.17859,.62527019,1406.6201,0,.41302767
1807,2020,.2658,-15.860265,.48697683,11906.666,.00031625599,1,.19988185,.57930958,53.702488,.15875009,13241,25.643333,847.91669,.60393047,1520.1582,0,.4264881
1809,2020,.22649999,-.16717713,.35682011,15306.633,.001509348,.022807529,.1711154,.52031934,70.350464,.090856738,255930,28.885458,660.16071,.47756818,1249.5665,0,.44403228
1810,2020,.15109999,-8.5287771,.36951432,12062.854,.00018726601,.78024983,.24944489,.61665708,44.906475,.25582886,16498,25.771111,527.93982,.65365511,988.34674,0,.38685843
1811,2020,.229,4.5339723,.40348569,14124.518,.00146569,1,.13858069,.5477199,54.02076,.081092909,30733,26.262501,861.25,.50795066,1229.5476,0,.4337104
1812,2020,.2493,-4.324954,.50776857,12236.25,0,1,.1846244,.51786113,66.519119,.033393893,13296,29.656666,958.33331,.57841748,1238.9225,0,.43519577
1814,2020,.25600001,6.4841042,.40974459,13132.739,.00036225299,1,.20131373,.53635591,59.563683,.045852199,21298,28.51,486.04166,.61433983,1085.2649,0,.40158516
1815,2020,.22780001,.0916223,.32147199,9648.8135,.00039631399,.38538864,.33852682,.55611062,54.210732,.19230255,30027,21.143637,550.56818,.6846987,828.6358,0,.40507078
1816,2020,.2348,-19.541691,.47540128,9927.6641,.00030410499,1,.20178059,.52531081,54.512127,.073742822,25369,23.417143,781.875,.65775931,1200.0231,0,.42114681
1817,2020,.2057,-.33534798,.33538088,16344.624,.001718874,.018388815,.16224451,.53816396,106.49991,.050591618,144833,29.640741,640.24945,.46260741,1382.1753,0,.43501657
1818,2020,.23979999,10.597404,.45014662,9509.6426,.000969227,1,.23852006,.62986445,28.345297,.064207844,14378,23.007273,551.70453,.68051744,784.71033,0,.4209283
1819,2020,.21440001,-2.5661407,.44203201,11233.665,.000088129003,.5637235,.27178195,.51178694,68.174583,.10299122,28923,25.977777,602.08337,.64973021,1243.0183,0,.40250444
1820,2020,.23979999,-1.78523,.47990641,13909.02,.00078543398,.78382128,.20133187,.54810613,68.259727,.092882656,40801,29.950834,756.10419,.49187973,1526.4634,0,.46074057
1821,2020,.18780001,-2.1458457,.3982577,12694.124,.001046763,.14396594,.21415989,.51685095,73.709511,.11701645,127434,25.322916,575.9245,.57488668,979.28308,0,.42843777
1822,2020,.21190001,5.4288068,.37457892,11564.401,0,.32689324,.45545757,.61124414,68.861946,.1001435,14968,26.419001,517.79169,.67932165,1208.396,0,.3896637
1823,2020,.1592,-3.1404099,.45642135,9221.502,0,.1410096,.56139266,.57820076,55.52832,.2006028,25656,16.671667,512.38092,.73066354,932.84607,0,.37071621
1824,2020,.17379999,-20.205208,.39229617,10105.306,0,1,.48052189,.56497473,50.548267,.020366082,5752,25.147499,500.3125,.72830451,1220.9929,0,.37318125
1825,2020,.2274,7.1412172,.35698891,12663.871,.000477825,0,.2708168,.5140717,82.851334,.047825877,57595,19.666,605.91071,.57298273,1510.0411,0,.42352569
1826,2020,.2191,3.3846414,.4319911,12267.761,.000391359,0,.30195248,.53049934,83.403572,.094687186,37563,26.15889,562.91998,.56341469,1282.8896,0,.43253276
1827,2020,.2186,-27.472509,.52334088,8921.4248,0,.13187191,.3166329,.54465568,61.574379,.18813309,19765,24.285,545.69446,.6831001,844.76306,0,.41684178
1828,2020,.18719999,9.6271019,.44008198,12471.887,.00028884999,.67349732,.31747466,.55304915,79.715866,.19241673,33064,26.566,621.71667,.61184275,1459.6864,0,.40793854
1829,2020,.1609,-18.662682,.38410193,8981.6689,0,1,.52242959,.53148031,62.216198,.041402213,7121,24.825001,438.41669,.69737619,1037.4791,0,.38669309
1830,2020,.20979999,.66186506,.45639122,10135.37,.000060912502,.34400988,.35166404,.52851206,69.26638,.04046718,42532,17.872,497.13541,.68881214,900.96667,0,.40356955
1831,2020,.1992,5.6138301,.36109725,17373.418,.001521994,.014400628,.17278749,.54868871,323.03918,.14886869,209670,27.360834,640.07922,.44453031,1656.2627,0,.41850266
1832,2020,.25319999,-3.3472476,.41948768,12024.293,.00035236101,.12643678,.26509458,.55541432,68.421547,.17717868,17677,26.271999,532.20831,.5627346,1037.6549,0,.43041226
1833,2020,.2802,22.494238,.34953278,8050.0254,.001092253,.02743517,.41317806,.52776909,66.096954,.075990334,27869,16.571428,526.35419,.71608198,1097.9155,0,.42326501
1834,2020,.15989999,2.6086352,.40728024,8381.4775,0,.66016674,.51961595,.56382757,67.607292,.071214683,7229,19.122499,466.77084,.77904451,687.89325,0,.35931975
1835,2020,.1608,14.056298,.35556427,9853.9932,.00037509401,1,.4200438,.52961797,52.091946,.073644474,8511,24.66,542.16669,.71120143,817.20081,0,.38414893
1836,2020,.1899,-13.278592,.44442815,10438.433,.000410509,.16098566,.35997993,.5116508,66.838089,.040904466,17972,23.033333,490.54166,.64828598,1239.644,0,.41642776
1837,2020,.1998,6.1009569,.39455974,9758.7979,0,.4361853,.34827402,.55787021,63.752171,.020817118,25297,24.224285,525.53571,.64901233,1271.4888,0,.41923457
1838,2020,.2492,10.06859,.36060357,12570.41,.00046572101,.04090856,.22163925,.49386513,95.377609,.080709085,114894,22.549999,595.76392,.55957234,1433.9893,0,.44408542
1839,2020,.19049999,.3801437,.40384683,8156.5269,0,1,.50222009,.59885389,106.19817,.019608151,6575,22.025,502.5,.74304038,386.47614,0,.3773264
1840,2020,.26159999,4.9957795,.27356902,11189.21,0,1,.37372124,.54793566,78.321571,.045651194,17513,25.573334,482.5,.63948709,946.92834,0,.40032414
1841,2020,.21690001,4.977963,.44901395,9729.9023,.000275634,.914895,.35514486,.53242838,56.994381,.12641074,14860,22.933332,690,.70153445,1028.3643,0,.41272932
1842,2020,.1849,-3.2676077,.44926265,9090.8564,0,.29454342,.47078297,.56154513,39.907204,.097152062,11900,23.08,427.5,.73786086,897.50421,0,.37525487
1843,2020,.18180001,-22.651045,.54275209,11574.198,.00053490198,0,.3144967,.5632425,56.490089,.088017829,21945,30.322222,1175,.61305511,1633.6506,1,.41369122
1844,2020,.2043,-2.2191091,.41961956,13309.041,.00045506301,0,.26049781,.52867609,80.671989,.069404304,98956,25.322727,847.93939,.54760945,1545.7994,0,.4272157
1845,2020,.1919,.98188931,.39595512,10154.146,.00026,.073514521,.46698686,.48668307,67.456039,.096180469,97232,23.425501,564.1875,.64086396,1328.9871,0,.42292237
1901,2020,.16530001,5.2110519,.46534544,12545.822,.0000773664,0,.20817782,.55400729,121.21439,.060480636,69204,25.584999,776.27979,.55662805,1438.8811,0,.43797421
1902,2020,.1892,-10.69338,.42130783,12145.534,0,0,.28679672,.566378,102.24616,.05508836,60040,25.573334,522.20831,.56317747,988.60846,0,.43606788
1903,2020,.1823,-.50014967,.39392692,12673.681,.00011409,0,.19934687,.55408502,87.817162,.03066293,139131,19.6,828.86908,.53824776,1177.5831,0,.45405516
1904,2020,.1846,-4.029912,.32640734,11523.136,0,0,.2555373,.5739696,57.874115,.0081510609,16004,26.733334,341.875,.62699455,835.1947,0,.41971195
1905,2020,.19459999,1.1491765,.44444269,15382.791,.00055307301,.11707337,.18297176,.5473693,102.03733,.079309307,139963,20.809999,1192.1991,.4736267,1390.8582,0,.44039351
1906,2020,.1974,13.950826,.47106543,9518.5918,.00078817701,1,.32028618,.66376734,20.935858,.037846301,12076,20.124001,508.25,.72054207,611.96875,0,.39802244
1907,2020,.36189997,-3.1303878,.39663646,14217.726,.00075388502,0,.14065275,.52377152,128.48441,.057903782,84183,19.99,980.625,.50169528,1608.9399,0,.44546485
1908,2020,.1735,8.8304129,.3927339,9993.6396,0,1,.37031502,.65135908,60.673695,.053717971,13004,17.486,500.3125,.68559444,883.19849,0,.40252107
1910,2020,.1539,-7.1054502,.47337711,14710.95,.000239406,.66243029,.2409275,.5675422,92.176376,.10651102,32829,25.523333,978.88892,.51658106,1670.2705,0,.43128568
1911,2020,.1753,-.99503267,.42921233,11336.006,.0000879894,.52418154,.2903308,.57692987,73.936806,.057397585,34768,20.964445,507.29166,.64417386,1342.2173,0,.40855363
1912,2020,.1311,-.1810957,.43505549,11212.743,.00049321802,1,.23321076,.68167913,58.355339,.086051092,9743,26.956667,492.08334,.68512124,579.96234,0,.40048957
1913,2020,.2043,9.1548529,.42206338,11034.284,.00017488599,1,.26580477,.59747899,48.659603,.065506727,14881,19.556,493.625,.65279204,847.96698,0,.42208761
1914,2020,.22129999,3.4924989,.34497246,17776.98,.001121519,.0025935359,.15510456,.52984148,471.52954,.023458879,873473,17.199444,781.92023,.41211846,1864.2311,0,.4587881
1915,2020,.17899999,3.3264778,.37058657,12171.291,.00013564801,0,.21407798,.53747314,85.285408,.066689245,55578,18.485001,644.72223,.5918448,1718.2314,0,.42956957
1916,2020,.1517,-11.066884,.4184337,12285.211,.00045031501,.79174149,.26772675,.64233381,21.135359,.047709964,17986,26.6425,513.90625,.62012905,718.46924,0,.40187308
1917,2020,.18889999,3.3671327,.39830244,10783.093,.00061330898,1,.41638416,.56633037,20.832226,.074945986,8162,20.76,494.16666,.68784183,1009.7711,0,.38158634
1918,2020,.1549,-2.2669675,.3628397,12913.579,.001374885,.13033825,.18595889,.56999874,117.1966,.11418995,61758,21.098,582.0625,.58584797,1516.7181,0,.42532393
1919,2020,.1684,.98717743,.41498464,12810.74,.00032799199,.083981551,.25091624,.54961687,83.567459,.079117708,65160,22.108181,759.46973,.58512408,1337.0333,0,.41474283
1920,2020,.15010001,2.4867954,.49089479,11983.21,.000192715,.58890551,.25109997,.54965794,33.110558,.17307481,13925,23.1325,711.5625,.67633587,1900.3494,0,.38806528
1921,2020,.1129,-4.3141036,.43741244,11926.048,.000209658,1,.33268708,.55215907,54.669666,.09880504,41087,25.127693,688.1795,.68090308,1318.0657,0,.38295352
1923,2020,.14060001,24.045034,.46014372,10499.022,0,1,.45046398,.61343706,27.20974,.072273038,9471,13.285,554.79169,.73537725,900.8595,0,.36688879
1924,2020,.1472,-1.4301836,.5054667,13914.046,0,1,.23104709,.4724026,59.636021,.30233929,15020,21.68,2042.3484,.50242263,2316.0898,0,.46314991
1925,2020,.23370001,11.262028,.33248582,18621.518,.001124746,0,.15758826,.55522269,376.75085,.16000916,249481,25.306667,947.72571,.41036412,1812.8175,0,.43508869
1926,2020,.20639999,-.4999226,.39101186,15026.481,.00047494701,.059156165,.17901357,.54627484,90.26564,.038252782,75539,21.172142,829.88098,.52360064,1503.8036,0,.41517103
1927,2020,.1552,15.232844,.47537658,12510.198,.00048685499,1,.25880247,.57342654,105.21951,.23298816,5766,22.190001,605.83331,.5779838,1874.8851,0,.41808859
1928,2020,.1591,2.6110947,.47820348,12579.104,0,.24807332,.24210359,.58379149,69.005371,.14144151,28271,21.991428,695.08929,.59728807,1938.7688,0,.41928077
1929,2020,.13159999,-8.7647581,.47794414,13540.753,.0010489509,1,.25952578,.54058003,55.122879,.037115365,27131,26.778334,738.91669,.56954533,1651.3528,0,.41702926
1930,2020,.1376,2.2585297,.41827363,14138.777,.00039568701,.048960086,.25673717,.55994189,68.793503,.075990565,32626,25.041334,819.86108,.55490041,1523.8667,0,.40579706
1931,2020,.1452,.31721681,.5313102,12066.509,0,1,.25486702,.60805053,14.834235,.056434844,9910,27.837999,716.33331,.62017715,769.08252,0,.40451318
1932,2020,.15800001,9.2405958,.49439895,14548.467,.00061717501,.021892192,.30754933,.52678764,106.33282,.04298899,34388,20.570999,1045.2963,.55107868,1642.5417,1,.4267188
1933,2020,.25530002,1.4994113,.38249993,14813.978,.000739754,.052048925,.16403261,.51967096,116.06003,.065593801,147473,22.780834,725.82214,.51086658,1203.8778,0,.432991
1934,2020,.1785,5.1285491,.38744909,11125.837,0,1,.22614497,.59659982,13.083683,.033759754,16699,26.906,503.25,.6437003,601.69141,0,.42465362
1935,2020,.27250001,-4.8854923,.4194006,12108.518,0,1,.20467477,.54543531,115.80745,.055142112,21468,23.013334,609.72223,.61379564,900.54987,0,.42263097
1936,2020,.19219999,.18125664,.3713699,10712.183,0,0,.33764267,.56866252,111.54887,.025162302,20429,22.4,682.5,.62164879,528.17432,0,.41296956
1937,2020,.20889999,9.2190189,.42010617,10886.898,.00024213101,0,.29199746,.53839588,128.50237,.053068757,50661,22.445,497,.60235196,981.35883,0,.43993729
1942,2020,.18610001,-10.155897,.39928564,12912.32,.00034974801,1,.22049758,.5703643,100.82197,.057649713,42652,24.51,995.9375,.53414077,914.547,0,.45244065
1943,2020,.18080001,7.3157883,.34926748,14504.854,.001131035,.016336862,.17396763,.53897363,121.57412,.045802616,105907,22.553749,570.56641,.49026468,1008.2078,0,.45403692
1944,2020,.22239999,-3.0428803,.34611693,13401.381,.001006486,0,.25313985,.51331365,135.86137,.069911107,98040,16.375,701.25,.53252995,1372.0448,0,.45077941
1945,2020,.2339,3.7084501,.39130172,11412.141,.00042363899,.81463587,.35521859,.5128721,103.41225,.026897075,13856,20.940001,492.08331,.65402758,706.20038,0,.40595436
1946,2020,.1752,19.744226,.42742142,11741.937,.001946788,.81811506,.21240155,.56312031,73.183418,.046524834,18650,25.293333,505.625,.59899002,696.44073,0,.43861747
1947,2020,.1935,12.168571,.32477349,10626.862,.00078864401,.71317583,.37412578,.54488683,116.72572,.045877092,15349,17.129999,550.41663,.65788281,589.28455,0,.41890943
1948,2020,.17299999,13.544353,.32973346,15644.454,.00075397699,0,.18054116,.56379133,135.1963,.051070869,42455,29.5375,781.18304,.46282515,1225.5138,0,.44700295
1949,2020,.2649,37.744446,.44852138,11488.965,.000241099,.17333822,.22727776,.52062428,87.185921,.059849449,40066,21.191668,715.79865,.63743496,1166.9004,0,.42182282
1950,2020,.18080001,1.0295844,.46109393,11694.984,.00033704101,1,.21255755,.54278862,116.23131,.14996698,13888,33.75,758.75,.57946098,917.69141,0,.44000882
1951,2020,.2079,.21734482,.39903584,12429.304,0,.10462066,.29524469,.55068761,121.2627,.061390273,44252,22.49,765.80359,.55970532,1232.3198,0,.43926352
1952,2020,.23110001,13.018913,.49504706,10874.09,0,1,.23890184,.59282035,56.279228,.037186012,17169,20.264999,612.1875,.68265742,650.0368,0,.4051832
1953,2020,.25100002,-2.2580576,.34056777,10298.828,.00021841199,.074144252,.37349972,.53699809,126.11263,.04513824,69738,15.79,728.125,.69526929,946.20367,0,.40449274
1954,2020,.1416,-7.6913047,.47518277,10110.504,.000077309604,1,.33501515,.54162604,91.194534,.033360727,29373,15.632,586.91669,.71275592,1269.9313,0,.40437153
1955,2020,.17729999,-3.6497748,.39413306,13056.266,.00029381501,1,.22664189,.54681587,120.26624,.075079232,43624,21.07,509.66666,.55560571,1121.4874,0,.43681663
1956,2020,.1857,-.35325351,.37345958,17374.584,.001093171,0,.13770922,.52293938,363.49133,.026935663,685310,24.928183,1079.6884,.433837,1680.9283,0,.45513293
1957,2020,.15100001,-5.3197083,.44766569,14336.644,.00044509899,.054992642,.22009429,.5061847,85.248756,.031202324,93560,19.639,747.38098,.54791909,1483.1218,0,.42091227
1958,2020,.15810001,1.9067256,.396763,9474.21,.000272926,1,.38266435,.55762964,85.850067,.032298084,25663,16.514999,494.16666,.68888134,794.66449,0,.41095984
1959,2020,.13060001,-4.1451011,.2692759,9195.9014,.000067168199,.92413914,.39727214,.50763345,88.890038,.053319119,39184,14.124,490.75,.76840109,939.85516,0,.375415
1960,2020,.15010001,9.2127733,.36148956,11579.171,.000060668601,0,.27989265,.50688928,120.78236,.028326128,50213,21.565001,775.3125,.63270152,1150.1825,0,.42626762
1961,2020,.20969999,-7.2095399,.49339834,12433.76,0,1,.38052854,.53620797,103.11628,.028002344,11921,25.646667,611.875,.68467325,1023.8093,0,.37851343
1962,2020,.1389,-2.1775181,.31744677,11342.649,0,1,.35900801,.53087443,141.24094,.011739096,23375,19.309999,536.875,.67682791,1394.1638,0,.40435678
1963,2020,.22239999,-.13847639,.44020763,10539.465,0,0,.29888457,.51039857,129.17122,.05384963,38504,20.375,653.75,.65419686,1052.2552,0,.42408478
1964,2020,.16469999,15.182196,.40453044,13626.305,0,1,.28965127,.52277082,139.34732,.048077766,35172,21.315001,788.125,.56414455,1382.3976,0,.43467417
1965,2020,.1649,3.7908387,.40468031,14125.852,.00046996001,.017156821,.21016222,.55053711,132.5032,.065147556,168503,23.468334,787,.54446864,1448.0874,0,.43278795
1966,2020,.18629999,2.5011826,.37816364,9372.4775,0,0,.43547466,.48206115,139.99777,.059345122,73422,11.57,739.25,.66390616,1254.9785,0,.42663193
1967,2020,.21030001,11.378747,.26679507,16959.424,.001636087,.043761816,.18578164,.52994448,143.96298,.083880603,71123,18.341667,697.5,.46109208,1436.2289,0,.42588702
1968,2020,.13600001,3.7774928,.34111211,12627.821,.00036346001,1,.25131261,.58268607,132.13254,.015433982,51394,18.67,695.41669,.59037334,1360.5504,0,.42167175
1969,2020,.18430001,-.85283184,.44128507,13049.196,0,.57475829,.25162503,.53375393,122.96243,.064352691,55720,24.854,664.6875,.56837785,1194.9098,0,.4224267
1970,2020,.22770001,3.1335015,.47463664,10028.105,0,1,.39940828,.48584288,122.27612,.04515199,25563,14.085,711.04169,.65836364,1091.0341,0,.42501232
1971,2020,.22629999,15.785506,.39765897,16426.717,.000719217,0,.19111632,.53383845,148.97768,.019953605,185544,23.212,806.625,.45056847,1891.9202,0,.44148818
2001,2020,.14029999,-10.343743,.48682961,17168.801,.000789218,.90431625,.21608874,.5318926,87.359879,.0558002,49810,22.548,1094.1666,.4720071,999.60944,0,.41644114
2002,2020,.102,-6.1566906,.4918457,10481.941,0,1,.17457645,.58348691,14.522664,.0054265591,4208,24.727501,618.75,.71852702,610.98102,0,.37982365
2003,2020,.1434,10.063544,.40098891,12741.007,0,.90157992,.24667402,.59662116,12.399943,.014362108,6814,20.421667,608.33331,.64896423,960.67194,0,.37581846
2004,2020,.14470001,-4.3922124,.49813852,12015.78,0,.73779082,.21998654,.55838639,14.528469,.095329486,28353,17.433332,903.61115,.68073279,1253.4542,0,.38850993
2005,2020,.1199,-5.6960731,.37710783,13304.37,.00023969301,.85864568,.17524301,.56974524,14.930697,.081542961,18809,18.304285,671.42859,.61543137,704.43604,0,.38872749
2006,2020,.1777,7.776772,.35753867,17454.248,.001149026,.0077622901,.19383895,.52053815,108.70159,.049539298,205410,20.011875,1044.7056,.47324595,913.18335,0,.41641018
2007,2020,.1259,5.4716849,.36426267,12902.033,0,.50498116,.20347063,.65613681,14.944247,.046222758,16177,22.04125,623.4375,.63266003,1383.775,0,.3780444
2009,2020,.1339,-8.3634415,.44681096,11011.615,0,1,.20150964,.60137796,9.1157589,.0019724851,4827,21.855,762.5,.71965098,650.05231,0,.36696663
2011,2020,.1336,-14.574226,.357416,14371.838,.001235483,.81813222,.19274147,.60880131,53.437775,.012195575,23541,20.810909,755.30304,.58516288,787.83466,0,.38267875
2012,2020,.1147,-7.3795905,.38989058,15611.242,.00053186202,.064905435,.21284238,.54377627,74.372978,.024103442,71136,21.072308,859.77563,.51788777,984.30945,0,.40230998
2014,2020,.11300001,6.018898,.51687849,12724.66,0,1,.22730547,.55310118,82.720177,.14615147,16167,18.943333,1323.6111,.61541283,1364.1246,0,.39096278
2015,2020,.1587,13.899622,.39333016,12664.105,0,1,.21331356,.59772432,14.159554,.024557972,10841,27.629999,736.11108,.64053941,788.461,0,.37913015
2016,2020,.14829999,-10.152856,.34769264,19115.818,.001054162,.032823484,.17970143,.51022047,268.4097,.025898481,505533,18.671429,981.75592,.42196947,1155.1302,0,.430619
2017,2020,.13770001,-4.5493841,.49743837,13736.196,0,1,.2329293,.5658356,33.039677,.08633437,22534,13.378,1012.5,.58935744,678.27765,0,.40395549
2018,2020,.1233,-6.6071997,.40729013,12276.897,0,.24376063,.27100042,.57223541,10.740375,.12667577,20833,13.793,815.625,.6551792,627.40814,0,.39889827
2019,2020,.1304,-3.0741396,.39584097,12042.792,0,1,.23085175,.62305367,13.321836,.015182937,14128,15.875384,639.23077,.65503687,964.68774,0,.38016951
2020,2020,.15640001,11.475204,.3402997,10958.967,0,1,.22855254,.64153087,13.392333,.026567416,4247,14.59,712.5,.7025969,1315.4153,0,.37588736
2021,2020,.1295,-3.5200272,.43109304,13409.022,.00012536001,.32813993,.19326617,.62858033,11.958089,.0091654528,20604,18.546667,370.41666,.5856393,737.78809,0,.39433467
2022,2020,.1347,1.9581468,.38854823,15474.743,.00061312102,.054383546,.20651332,.55143899,49.115341,.035447203,78107,19.557241,523.52014,.51554132,840.27948,0,.41503742
2023,2020,.17549999,-12.684033,.33477587,12830.892,.000189934,.15821177,.23139529,.57722336,48.704266,.036293466,37689,17.864799,397.39999,.644041,738.20435,0,.38802704
2025,2020,.1243,-15.523984,.53254849,16506.758,0,1,.22379352,.52094328,60.337173,.11144003,31786,13.924,2330.1338,.51178461,1045.7062,1,.4356249
2027,2020,.1247,-3.7971146,.42364949,16599.043,.00075228402,1,.17772874,.47899175,71.65995,.10202619,78804,15.03625,1378.2738,.51392817,1061.1591,0,.41421181
2028,2020,.112,-20.108625,.58860391,13745.093,.00028555101,1,.19092515,.52762431,13.262691,.22796619,6435,21.870001,2077.1875,.5650447,1425.0594,1,.432491
2030,2020,.1366,-8.7326469,.5237934,14220.211,.000222445,1,.16359042,.55236465,70.452751,.074381627,22290,18.746,780,.59261394,803.19629,1,.40336984
2031,2020,.14060001,-16.630369,.39918503,13895.431,0,1,.22129928,.57037473,12.569067,.040279057,18434,25.344286,868.75,.62550282,646.11511,0,.37068856
2032,2020,.18080001,8.4506025,.3518424,12495.003,0,1,.22070502,.63087481,12.608521,.0065623489,4683,17.049999,650,.6420415,384.82166,0,.37645417
2035,2020,.1429,-16.609842,.52692264,14478.322,.00014241,1,.22774228,.5413664,35.283142,.03670007,21009,19.450001,1204.1666,.58785123,1007.1386,0,.38957855
2036,2020,.1498,-1.9248722,.38002753,12573.904,.00042149599,.3832069,.23341654,.57495296,36.756859,.03489827,42089,18.254349,553.80432,.65738368,639.34778,0,.38890228
2037,2020,.18000001,-3.5179963,.34392998,13764.666,.00041234301,1,.21068712,.56453609,80.494057,.035775572,48318,19.02,754.86108,.63298672,643.29321,0,.37755391
2038,2020,.1479,.12266505,.46623182,15666.755,.000724026,.092374004,.2017221,.59698772,56.932762,.081157379,64473,19.518888,953.93518,.53242236,1092.3158,0,.40025645
2039,2020,.1591,1.0118458,.36933404,15947.459,.00027940801,.025280898,.20662689,.52025694,69.01223,.086951084,40865,17.121666,860.83331,.55074811,1125.0782,0,.37971818
